Player,Age,Tm,Pos,GP,G,A,PTS,+/-,PIM,PS,EVG,PPG,SHG,GWG,EVA,PPA,SHA,S,S%,TOI,BLK,HIT,FOW,FOL,FO%,pid,Year,YR_INT
Noel Acciari,29,FLA,C,8,0,0,0,1,0,-0.2,0,0,0,0,0,0,0,7,0.0,121,14,24,40,49,44.9,acciano01,2020-2021,2021
Andrew Agozzino,30,ANA,LW,1,0,0,0,0,0,0.0,0,0,0,0,0,0,0,1,0.0,16,6,3,10,8,55.6,agozzan01,2020-2021,2021
Sebastian Aho,23,CAR,F,8,2,6,8,1,4,0.8,2,0,0,1,2,4,0,19,10.5,160,3,4,54,61,47.0,ahose01,2020-2021,2021
Mark Alt,29,LAK,D,2,0,0,0,0,2,0.0,0,0,0,0,0,0,0,3,0.0,27,1,2,0,0,,altma01,2020-2021,2021
Michael Amadio,24,LAK,C,9,0,2,2,-3,0,-0.1,0,0,0,0,1,1,0,9,0.0,115,6,1,32,29,52.5,amadimi01,2020-2021,2021
Joey Anderson,22,TOR,RW,1,0,0,0,1,2,0.0,0,0,0,0,0,0,0,0,,10,3,0,0,1,0.0,anderjo08,2020-2021,2021
Josh Anderson,26,MTL,RW,11,7,2,9,5,10,1.5,6,0,1,2,2,0,0,36,19.4,156,6,26,0,1,0.0,anderjo05,2020-2021,2021
Michael Anderson,21,LAK,D,10,0,1,1,-2,4,0.3,0,0,0,0,1,0,0,4,0.0,214,14,11,0,0,,andermi02,2020-2021,2021
Jaret Anderson-Dolan,21,LAK,C,1,0,0,0,-1,4,-0.1,0,0,0,0,0,0,0,1,0.0,13,0,4,4,4,50.0,anderja01,2020-2021,2021
Lias Andersson,22,LAK,C,7,1,0,1,-2,6,0.0,1,0,0,0,0,0,0,8,12.5,80,1,1,5,11,31.3,anderli01,2020-2021,2021
Rasmus Andersson,24,CGY,D,10,2,3,5,-3,6,0.9,1,1,0,0,1,2,0,19,10.5,211,18,4,0,0,,anderra01,2020-2021,2021
Artem Anisimov,32,OTT,C,4,0,1,1,-3,2,-0.1,0,0,0,0,1,0,0,7,0.0,50,4,3,6,13,31.6,anisiar01,2020-2021,2021
Mason Appleton,25,WPG,C,11,3,4,7,6,4,0.9,3,0,0,0,3,0,1,20,15.0,141,3,12,6,5,54.5,applema01,2020-2021,2021
Josh Archibald,28,EDM,RW,12,2,0,2,-5,4,-0.1,2,0,0,0,0,0,0,12,16.7,149,9,41,0,1,0.0,archijo01,2020-2021,2021
Joel Armia,27,MTL,RW,5,2,3,5,6,2,0.8,1,0,1,0,2,0,1,7,28.6,63,1,7,0,4,0.0,armiajo01,2020-2021,2021
Viktor Arvidsson,27,NSH,LW,11,2,5,7,3,8,0.7,1,1,0,0,4,1,0,39,5.1,194,10,0,1,6,14.3,arvidvi01,2020-2021,2021
Rasmus Asplund,23,BUF,F,1,0,0,0,0,0,0.0,0,0,0,0,0,0,0,2,0.0,7,0,0,0,0,,asplura01,2020-2021,2021
Andreas Athanasiou,26,LAK,C,7,3,2,5,0,0,0.7,3,0,0,0,1,1,0,7,42.9,94,3,1,2,0,100.0,athanan01,2020-2021,2021
Cam Atkinson,31,CBJ,RW,12,2,3,5,-6,0,0.1,1,0,1,1,1,2,0,27,7.4,208,6,3,0,3,0.0,atkinca01,2020-2021,2021
Nicolas Aube-Kubel,24,PHI,RW,12,1,2,3,-2,19,0.0,1,0,0,0,2,0,0,8,12.5,135,5,27,0,0,,aubekni01,2020-2021,2021
David Backes,36,ANA,C,4,1,0,1,0,0,0.1,1,0,0,1,0,0,0,13,7.7,59,8,8,30,26,53.6,backeda01,2020-2021,2021
Mikael Backlund,31,CGY,C,10,2,2,4,-4,8,0.3,2,0,0,0,1,1,0,20,10.0,166,7,13,55,56,49.5,backlmi01,2020-2021,2021
Nicklas Backstrom,33,WSH,C,11,5,9,14,0,2,1.5,3,2,0,0,5,4,0,27,18.5,218,8,3,69,88,43.9,backsni02,2020-2021,2021
Josh Bailey,31,NYI,C,9,1,2,3,-1,2,0.2,1,0,0,0,1,1,0,19,5.3,162,2,0,5,2,71.4,bailejo01,2020-2021,2021
Alexander Barabanov,26,TOR,F,6,0,0,0,-1,0,-0.1,0,0,0,0,0,0,0,2,0.0,36,4,3,0,0,,barabal01,2020-2021,2021
Ivan Barbashev,25,STL,C,11,0,2,2,0,4,-0.1,0,0,0,0,2,0,0,8,0.0,131,3,16,19,24,44.2,barbaiv01,2020-2021,2021
Aleksander Barkov,25,FLA,C,8,4,7,11,3,2,1.3,2,2,0,0,4,3,0,33,12.1,175,2,5,86,59,59.3,barkoal01,2020-2021,2021
Tyson Barrie,29,EDM,D,12,1,8,9,-5,0,0.7,0,1,0,0,5,3,0,29,3.4,254,17,6,0,0,,barrity01,2020-2021,2021
Mathew Barzal,23,NYI,C,9,4,6,10,4,24,1.4,4,0,0,0,4,2,0,25,16.0,183,2,4,36,26,58.1,barzama01,2020-2021,2021
Nathan Bastian,23,NJD,RW,9,1,3,4,4,2,0.4,1,0,0,0,3,0,0,12,8.3,115,1,18,3,6,33.3,bastina01,2020-2021,2021
Drake Batherson,22,OTT,C,11,1,5,6,-6,4,0.1,0,1,0,0,1,4,0,29,3.4,185,6,21,2,1,66.7,bathedr01,2020-2021,2021
Jay Beagle,35,VAN,RW,14,1,4,5,3,4,0.3,1,0,0,0,4,0,0,9,11.1,197,5,18,100,77,56.5,beaglja01,2020-2021,2021
Jake Bean,22,CAR,D,3,0,0,0,-1,2,0.0,0,0,0,0,0,0,0,3,0.0,36,1,1,0,0,,beanja01,2020-2021,2021
Ethan Bear,23,EDM,D,9,0,2,2,5,2,0.7,0,0,0,0,2,0,0,10,0.0,184,9,7,0,0,,bearet01,2020-2021,2021
Nicolas Beaudin,21,CHI,D,4,0,1,1,0,2,0.2,0,0,0,0,0,1,0,2,0.0,55,7,3,0,0,,beaudni01,2020-2021,2021
Nathan Beaulieu,28,WPG,D,11,0,1,1,2,12,0.4,0,0,0,0,1,0,0,12,0.0,198,13,21,0,0,,beaulna01,2020-2021,2021
Anthony Beauvillier,23,NYI,LW,5,0,1,1,-2,0,-0.1,0,0,0,0,0,1,0,4,0.0,73,1,4,0,1,0.0,beauvan01,2020-2021,2021
Pierre-Edouard Bellemare,35,COL,LW,8,0,0,0,1,4,-0.1,0,0,0,0,0,0,0,5,0.0,88,1,3,44,24,64.7,bellepi01,2020-2021,2021
Kieffer Bellows,22,NYI,LW,7,0,0,0,1,0,0.0,0,0,0,0,0,0,0,10,0.0,69,3,15,1,0,100.0,belloki01,2020-2021,2021
Emil Bemstrom,21,CBJ,C,5,0,0,0,1,0,-0.1,0,0,0,0,0,0,0,7,0.0,59,3,4,0,0,,bemstem01,2020-2021,2021
Jamie Benn,31,DAL,LW,4,3,3,6,6,4,1.0,3,0,0,0,3,0,0,11,27.3,63,3,0,15,16,48.4,bennja01,2020-2021,2021
Jordie Benn,33,VAN,D,8,0,3,3,2,5,0.5,0,0,0,0,3,0,0,9,0.0,119,12,4,0,0,,bennjo01,2020-2021,2021
Sam Bennett,24,CGY,C,9,0,1,1,-5,4,-0.2,0,0,0,0,1,0,0,12,0.0,120,2,18,8,10,44.4,bennesa01,2020-2021,2021
Matt Benning,26,NSH,D,10,0,0,0,0,6,0.1,0,0,0,0,0,0,0,6,0.0,140,9,10,0,0,,bennima01,2020-2021,2021
Patrice Bergeron,35,BOS,C,11,6,9,15,5,2,2.0,1,4,1,1,4,5,0,42,14.3,205,7,9,150,99,60.2,bergepa01,2020-2021,2021
Tyler Bertuzzi,25,DET,LW,9,5,2,7,0,4,1.0,2,3,0,1,1,1,0,20,25.0,177,3,13,1,1,50.0,bertuty01,2020-2021,2021
Alex Biega,32,DET,D,1,0,0,0,0,0,0.0,0,0,0,0,0,0,0,1,0.0,12,1,3,0,0,,biegaal01,2020-2021,2021
Anthony Bitetto,30,NYR,D,2,1,0,1,1,2,0.3,1,0,0,0,0,0,0,1,100.0,24,2,4,0,0,,bitetan01,2020-2021,2021
Anders Bjork,24,BOS,LW,11,0,2,2,3,4,0.1,0,0,0,0,2,0,0,4,0.0,135,1,13,0,0,,bjorkan01,2020-2021,2021
Oliver Bjorkstrand,25,CBJ,RW,12,4,6,10,0,23,1.1,3,1,0,0,5,1,0,27,14.8,209,2,14,1,0,100.0,bjorkol01,2020-2021,2021
Nick Bjugstad,28,MIN,C,11,2,1,3,1,8,0.3,2,0,0,1,1,0,0,24,8.3,142,9,11,45,54,45.5,bjugsni01,2020-2021,2021
Colin Blackwell,27,NYR,C,4,1,2,3,2,2,0.4,1,0,0,0,2,0,0,4,25.0,40,0,7,1,1,50.0,blackco01,2020-2021,2021
Sammy Blais,24,STL,LW,6,1,2,3,3,4,0.4,1,0,0,1,2,0,0,4,25.0,65,1,12,0,0,,blaissa01,2020-2021,2021
Anton Blidh,25,BOS,LW,2,0,0,0,0,2,0.0,0,0,0,0,0,0,0,1,0.0,19,2,3,0,0,,blidhan01,2020-2021,2021
Teddy Blueger,26,PIT,C,10,2,4,6,0,0,0.6,1,0,1,0,4,0,0,8,25.0,127,6,14,39,39,50.0,bluegte01,2020-2021,2021
Brock Boeser,23,VAN,RW,14,8,5,13,-6,8,1.4,6,2,0,1,4,1,0,37,21.6,263,3,14,1,1,50.0,boesebr01,2020-2021,2021
Zach Bogosian,30,TOR,D,11,0,1,1,1,4,0.3,0,0,0,0,1,0,0,9,0.0,159,9,18,0,0,,bogosza01,2020-2021,2021
Nick Bonino,32,MIN,C,11,1,1,2,-6,4,-0.2,0,1,0,0,1,0,0,19,5.3,186,14,3,114,90,55.9,boninni01,2020-2021,2021
Adam Boqvist,20,CHI,D,6,0,3,3,-1,4,0.4,0,0,0,0,1,2,0,5,0.0,96,4,4,0,0,,boqviad01,2020-2021,2021
Jesper Boqvist,22,NJD,C,5,0,0,0,0,2,-0.1,0,0,0,0,0,0,0,3,0.0,68,3,2,3,5,37.5,boqvije01,2020-2021,2021
Mark Borowiecki,31,NSH,D,8,0,1,1,1,29,0.3,0,0,0,0,1,0,0,4,0.0,102,12,18,0,0,,borowma01,2020-2021,2021
Robert Bortuzzo,31,STL,D,2,0,0,0,1,4,0.1,0,0,0,0,0,0,0,1,0.0,16,2,1,0,0,,borturo01,2020-2021,2021
Evan Bouchard,21,EDM,D,1,0,1,1,1,0,0.2,0,0,0,0,1,0,0,4,0.0,17,0,0,0,0,,bouchev01,2020-2021,2021
Travis Boyd,27,TOR,C,3,1,3,4,4,0,0.6,1,0,0,0,3,0,0,1,100.0,27,0,0,1,7,12.5,boydtr01,2020-2021,2021
Tyler Bozak,34,STL,C,7,0,2,2,-1,2,-0.1,0,0,0,0,2,0,0,2,0.0,93,5,2,37,29,56.1,bozakty01,2020-2021,2021
Erik Brannstrom,21,OTT,D,1,0,1,1,2,0,0.3,0,0,0,0,1,0,0,0,,16,1,0,0,0,,branner01,2020-2021,2021
Derick Brassard,33,ARI,C,10,1,4,5,1,0,0.4,1,0,0,0,3,1,0,10,10.0,158,0,13,33,37,47.1,brassde01,2020-2021,2021
Jesper Bratt,22,NJD,W,3,0,1,1,1,0,0.0,0,0,0,0,1,0,0,8,0.0,59,2,1,0,1,0.0,brattje01,2020-2021,2021
Justin Braun,33,PHI,D,12,0,0,0,1,2,0.2,0,0,0,0,0,0,0,9,0.0,217,16,19,0,0,,braunju01,2020-2021,2021
T.J. Brodie,30,TOR,D,11,0,4,4,0,0,0.6,0,0,0,0,2,2,0,12,0.0,243,12,6,0,0,,broditj01,2020-2021,2021
Jonas Brodin,27,MIN,D,11,2,4,6,2,8,1.3,2,0,0,1,4,0,0,21,9.5,255,19,5,0,0,,brodijo01,2020-2021,2021
Jonny Brodzinski,27,NYR,C,1,0,0,0,0,2,0.0,0,0,0,0,0,0,0,1,0.0,8,0,0,0,0,,brodzjo01,2020-2021,2021
Mathias Brome,26,DET,F,10,0,0,0,-6,6,-0.4,0,0,0,0,0,0,0,8,0.0,134,1,11,0,2,0.0,bromema01,2020-2021,2021
Adam Brooks,24,TOR,C,1,1,0,1,-1,0,0.1,0,1,0,0,0,0,0,1,100.0,9,0,1,1,1,50.0,brookad01,2020-2021,2021
Connor Brown,27,OTT,RW,11,1,4,5,-1,4,0.2,1,0,0,1,4,0,0,23,4.3,207,5,6,2,5,28.6,brownco02,2020-2021,2021
Dustin Brown,36,LAK,RW,10,4,4,8,2,10,1.1,0,4,0,0,3,1,0,17,23.5,169,1,17,1,0,100.0,browndu01,2020-2021,2021
Josh Brown,27,OTT,D,8,0,0,0,-5,8,-0.2,0,0,0,0,0,0,0,1,0.0,122,20,19,0,0,,brownjo01,2020-2021,2021
Pavel Buchnevich,25,NYR,LW,10,3,5,8,-2,0,0.7,3,0,0,1,3,2,0,28,10.7,199,5,7,1,5,16.7,buchnpa01,2020-2021,2021
Connor Bunnaman,22,PHI,F,8,0,1,1,-1,0,-0.2,0,0,0,0,1,0,0,7,0.0,97,1,11,28,22,56.0,bunnaco01,2020-2021,2021
Andre Burakovsky,25,COL,LW,8,3,5,8,0,0,1.0,1,2,0,0,2,3,0,13,23.1,109,4,3,0,0,,burakan01,2020-2021,2021
Brent Burns,35,SJS,D,9,3,3,6,-4,8,1.0,2,1,0,1,2,1,0,30,10.0,248,12,8,0,0,,burnsbr01,2020-2021,2021
Bowen Byram,19,COL,D,8,0,1,1,1,8,0.4,0,0,0,0,1,0,0,15,0.0,140,4,2,0,0,,byrambo01,2020-2021,2021
Paul Byron,31,MTL,LW,11,0,3,3,2,2,0.1,0,0,0,0,3,0,0,10,0.0,137,2,16,0,3,0.0,byronpa01,2020-2021,2021
Nicholas Caamano,22,DAL,RW,8,0,0,0,-4,2,-0.3,0,0,0,0,0,0,0,13,0.0,70,2,11,0,0,,caamani01,2020-2021,2021
Drake Caggiula,26,ARI,LW,10,0,5,5,1,10,0.3,0,0,0,0,5,0,0,16,0.0,136,3,19,2,4,33.3,caggidr01,2020-2021,2021
Matt Calvert,31,COL,LW,6,0,1,1,-1,0,-0.1,0,0,0,0,1,0,0,7,0.0,89,3,7,0,1,0.0,calvema01,2020-2021,2021
Kyle Capobianco,23,ARI,D,2,0,0,0,-2,2,-0.1,0,0,0,0,0,0,0,3,0.0,29,2,1,0,0,,capobky01,2020-2021,2021
Brandon Carlo,24,BOS,D,11,2,1,3,5,6,1.3,2,0,0,1,1,0,0,12,16.7,210,15,10,0,0,,carlobr01,2020-2021,2021
John Carlson,31,WSH,D,11,4,7,11,-5,2,1.2,1,3,0,1,5,2,0,32,12.5,271,14,14,0,0,,carlsjo01,2020-2021,2021
Lucas Carlsson,23,CHI,D,4,0,0,0,0,0,0.1,0,0,0,0,0,0,0,3,0.0,45,2,0,0,0,,carlslu01,2020-2021,2021
Ryan Carpenter,30,CHI,C,9,1,0,1,0,6,0.0,1,0,0,0,0,0,0,20,5.0,119,4,17,5,9,35.7,carpery01,2020-2021,2021
Daniel Carr,29,WSH,LW,2,0,1,1,1,0,0.1,0,0,0,0,1,0,0,3,0.0,21,4,2,0,0,,carrda01,2020-2021,2021
William Carrier,26,VEG,LW,8,0,0,0,-2,4,-0.2,0,0,0,0,0,0,0,8,0.0,82,2,21,0,0,,carriwi01,2020-2021,2021
Jeff Carter,36,LAK,C,10,1,5,6,-5,4,0.3,1,0,0,0,4,1,0,28,3.6,168,8,10,14,23,37.8,carteje01,2020-2021,2021
Cody Ceci,27,PIT,D,7,1,2,3,1,6,0.6,1,0,0,0,2,0,0,7,14.3,138,11,13,0,0,,cecico01,2020-2021,2021
Erik Cernak,23,TBL,D,7,0,1,1,5,4,0.6,0,0,0,0,1,0,0,13,0.0,120,9,12,0,0,,cernaer01,2020-2021,2021
Thomas Chabot,24,OTT,D,10,3,4,7,-3,14,1.0,2,1,0,0,3,1,0,23,13.0,246,13,18,0,0,,chaboth01,2020-2021,2021
Michael Chaput,28,ARI,C,1,0,0,0,-1,0,-0.1,0,0,0,0,0,0,0,1,0.0,13,1,2,1,1,50.0,chapumi01,2020-2021,2021
Zdeno Chara,43,WSH,D,11,2,2,4,6,4,1.1,2,0,0,0,2,0,0,20,10.0,226,18,15,0,0,,charazd01,2020-2021,2021
Jalen Chatfield,24,VAN,D,8,0,0,0,-3,6,-0.2,0,0,0,0,0,0,0,6,0.0,115,5,7,0,0,,chatfja01,2020-2021,2021
Ben Chiarot,29,MTL,D,11,1,2,3,3,22,0.5,0,1,0,0,2,0,0,24,4.2,242,17,18,0,0,,chiarbe01,2020-2021,2021
Alex Chiasson,30,EDM,RW,7,0,0,0,-4,0,-0.3,0,0,0,0,0,0,0,6,0.0,85,0,4,0,2,0.0,chiasal01,2020-2021,2021
Filip Chlapik,23,OTT,C,1,0,0,0,1,0,0.0,0,0,0,0,0,0,0,1,0.0,7,0,1,0,0,,chlapfi01,2020-2021,2021
Sasha Chmelevski,21,SJS,C,1,0,1,1,0,0,0.1,0,0,0,0,1,0,0,2,0.0,6,0,0,2,4,33.3,chmelal01,2020-2021,2021
Jakob Chychrun,22,ARI,D,10,1,5,6,0,8,1.0,1,0,0,1,3,2,0,27,3.7,216,14,13,0,0,,chychja01,2020-2021,2021
Filip Chytil,21,NYR,C,5,2,1,3,3,0,0.5,2,0,0,0,1,0,0,12,16.7,65,1,3,16,27,37.2,chytifi01,2020-2021,2021
Anthony Cirelli,23,TBL,C,9,2,6,8,6,2,0.9,2,0,0,1,5,1,0,18,11.1,162,7,9,38,49,43.7,cirelan01,2020-2021,2021
Casey Cizikas,29,NYI,C,9,1,0,1,-3,2,-0.1,1,0,0,0,0,0,0,9,11.1,124,2,11,63,40,61.2,cizikca01,2020-2021,2021
Kale Clague,22,LAK,D,8,0,2,2,-5,4,0.0,0,0,0,0,2,0,0,14,0.0,141,8,5,0,0,,claguka01,2020-2021,2021
Kyle Clifford,30,STL,LW,10,2,0,2,0,7,0.2,2,0,0,0,0,0,0,6,33.3,83,4,16,0,0,,cliffky01,2020-2021,2021
Connor Clifton,25,BOS,D,6,0,0,0,0,7,0.2,0,0,0,0,0,0,0,7,0.0,103,8,21,0,0,,cliftco01,2020-2021,2021
Cal Clutterbuck,33,NYI,RW,9,0,2,2,-3,0,-0.1,0,0,0,0,2,0,0,9,0.0,125,2,32,0,0,,cluttca01,2020-2021,2021
Braydon Coburn,35,OTT,D,8,0,1,1,-5,4,-0.1,0,0,0,0,1,0,0,5,0.0,139,7,16,0,0,,coburbr01,2020-2021,2021
Dylan Coghlan,22,VEG,D,1,0,0,0,0,0,0.0,0,0,0,0,0,0,0,0,,13,0,0,0,0,,coghldy01,2020-2021,2021
Andrew Cogliano,33,DAL,LW,8,2,1,3,2,2,0.4,2,0,0,0,1,0,0,14,14.3,108,2,14,0,1,0.0,coglian01,2020-2021,2021
Ian Cole,31,MIN,D,8,0,1,1,4,2,0.6,0,0,0,0,1,0,0,3,0.0,137,14,8,0,0,,coleia01,2020-2021,2021
Ian Cole,31,COL,D,2,0,0,0,0,0,0.1,0,0,0,0,0,0,0,2,0.0,29,2,4,0,0,,coleia01,2020-2021,2021
Blake Coleman,29,TBL,C,8,2,4,6,5,4,0.7,2,0,0,1,4,0,0,21,9.5,122,3,10,0,0,,colembl01,2020-2021,2021
Blake Comeau,34,DAL,RW,4,0,2,2,0,0,0.1,0,0,0,0,2,0,0,4,0.0,60,0,4,4,6,40.0,comeabl01,2020-2021,2021
J.T. Compher,25,COL,LW,11,1,1,2,-2,13,0.0,0,1,0,0,0,1,0,8,12.5,171,11,11,59,81,42.1,comphj,2020-2021,2021
Max Comtois,22,ANA,LW,12,5,1,6,0,4,1.0,5,0,0,0,0,1,0,22,22.7,165,5,24,2,3,40.0,comtoma01,2020-2021,2021
Brett Connolly,28,FLA,RW,5,0,0,0,2,0,0.0,0,0,0,0,0,0,0,2,0.0,60,2,3,0,0,,connobr01,2020-2021,2021
Kyle Connor,24,WPG,LW,11,7,5,12,-4,6,1.3,3,4,0,1,5,0,0,28,25.0,219,4,10,1,0,100.0,connoky01,2020-2021,2021
Andrew Copp,26,WPG,C,11,4,6,10,4,4,1.1,3,1,0,0,6,0,0,34,11.8,217,7,11,15,17,46.9,coppan01,2020-2021,2021
Nick Cousins,27,NSH,C,11,1,4,5,-1,12,0.3,1,0,0,0,2,2,0,13,7.7,160,1,7,4,3,57.1,cousini01,2020-2021,2021
Logan Couture,31,SJS,C,9,4,3,7,-1,2,0.9,3,1,0,0,2,1,0,25,16.0,180,5,5,70,71,49.6,coutulo01,2020-2021,2021
Sean Couturier,28,PHI,C,2,0,1,1,1,0,0.1,0,0,0,0,1,0,0,1,0.0,20,1,0,6,6,50.0,coutuse01,2020-2021,2021
Charlie Coyle,28,BOS,C,11,2,2,4,-3,4,0.2,2,0,0,0,2,0,0,17,11.8,185,3,8,46,53,46.5,coylech01,2020-2021,2021
Dylan Cozens,19,BUF,C,9,2,1,3,1,0,0.4,1,1,0,0,1,0,0,9,22.2,116,2,5,9,7,56.3,cozendy01,2020-2021,2021
Sidney Crosby,33,PIT,C,10,4,4,8,-5,6,0.7,2,2,0,2,2,2,0,25,16.0,204,7,6,122,93,56.7,crosbsi01,2020-2021,2021
Lawson Crouse,23,ARI,LW,8,0,1,1,-3,2,-0.2,0,0,0,0,0,1,0,9,0.0,111,6,32,3,4,42.9,crousla01,2020-2021,2021
Austin Czarnik,28,NYI,C,1,0,0,0,0,0,0.0,0,0,0,0,0,0,0,1,0.0,14,1,0,1,1,50.0,czarnau01,2020-2021,2021
Kevin Czuczman,30,PIT,D,2,0,0,0,-3,0,-0.2,0,0,0,0,0,0,0,2,0.0,23,2,1,0,0,,czuczke01,2020-2021,2021
Evgenii Dadonov,31,OTT,RW,11,1,2,3,-6,0,-0.2,1,0,0,0,1,1,0,20,5.0,184,4,10,0,1,0.0,dadonev01,2020-2021,2021
Rasmus Dahlin,20,BUF,D,10,1,2,3,-9,4,0.1,0,1,0,0,0,2,0,32,3.1,198,6,9,0,0,,dahlira01,2020-2021,2021
Michael Dal Colle,24,NYI,LW,2,0,0,0,0,0,0.0,0,0,0,0,0,0,0,0,,20,1,2,0,0,,dalcomi01,2020-2021,2021
Phillip Danault,27,MTL,C,11,0,5,5,3,6,0.2,0,0,0,0,4,0,1,13,0.0,175,5,18,96,84,53.3,danauph01,2020-2021,2021
Calvin de Haan,29,CHI,D,12,1,1,2,-7,4,0.1,1,0,0,1,1,0,0,17,5.9,246,26,27,0,0,,dehaaca01,2020-2021,2021
Anthony DeAngelo,25,NYR,D,6,0,1,1,-6,4,-0.2,0,0,0,0,0,1,0,13,0.0,111,6,3,0,0,,deangan01,2020-2021,2021
Alex DeBrincat,23,CHI,RW,8,4,6,10,2,2,1.3,2,2,0,1,4,2,0,27,14.8,154,5,9,1,3,25.0,debrial01,2020-2021,2021
Jake Debrusk,24,BOS,LW,6,0,1,1,-1,0,0.0,0,0,0,0,1,0,0,9,0.0,84,2,3,2,1,66.7,debruja01,2020-2021,2021
Danny DeKeyser,30,DET,D,10,1,0,1,-1,6,0.4,1,0,0,0,0,0,0,8,12.5,155,12,6,0,0,,dekeyda01,2020-2021,2021
Michael Del Zotto,30,CBJ,D,12,0,4,4,9,0,1.3,0,0,0,0,4,0,0,22,0.0,183,17,25,0,0,,delzomi01,2020-2021,2021
Ty Dellandrea,20,DAL,C,6,1,1,2,2,8,0.2,0,1,0,0,1,0,0,3,33.3,92,3,10,27,27,50.0,dellaty01,2020-2021,2021
Dylan DeMelo,27,WPG,D,7,0,2,2,-1,4,0.2,0,0,0,0,2,0,0,7,0.0,127,13,10,0,0,,demeldy01,2020-2021,2021
Jason Demers,32,ARI,D,10,0,1,1,-1,10,0.3,0,0,0,0,1,0,0,11,0.0,180,9,12,0,0,,demerja01,2020-2021,2021
Travis Dermott,24,TOR,D,9,0,0,0,2,4,0.2,0,0,0,0,0,0,0,7,0.0,92,8,3,0,0,,dermotr01,2020-2021,2021
Nicolas Deslauriers,29,ANA,LW,12,3,2,5,1,5,0.7,3,0,0,1,2,0,0,16,18.8,137,7,26,0,0,,deslani01,2020-2021,2021
Phillip Di Giuseppe,27,NYR,LW,9,0,5,5,3,2,0.5,0,0,0,0,5,0,0,19,0.0,104,6,21,0,1,0.0,digiuph01,2020-2021,2021
Jason Dickinson,25,DAL,C,8,2,2,4,-1,0,0.3,2,0,0,1,1,1,0,10,20.0,135,11,15,16,15,51.6,dickija01,2020-2021,2021
Brenden Dillon,30,WSH,D,11,1,4,5,4,16,0.9,1,0,0,0,4,0,0,6,16.7,210,13,22,0,0,,dillobr01,2020-2021,2021
Christian Djoos,26,DET,D,8,0,2,2,-3,0,0.2,0,0,0,0,2,0,0,15,0.0,132,7,3,0,0,,djoosch01,2020-2021,2021
Noah Dobson,21,NYI,D,9,1,4,5,-2,2,0.9,1,0,0,0,1,3,0,16,6.3,170,14,9,0,0,,dobsono01,2020-2021,2021
Max Domi,25,CBJ,LW,12,1,3,4,-5,6,0.0,0,1,0,0,3,0,0,23,4.3,189,2,5,64,67,48.9,domima01,2020-2021,2021
Ryan Donato,24,SJS,C,9,3,3,6,-5,4,0.6,2,1,0,0,2,1,0,19,15.8,135,4,5,10,12,45.5,donatry01,2020-2021,2021
Joonas Donskoi,28,COL,RW,11,5,3,8,4,0,1.3,3,2,0,1,2,1,0,12,41.7,145,2,4,3,6,33.3,donskjo01,2020-2021,2021
Drew Doughty,31,LAK,D,10,3,4,7,-5,4,1.1,1,2,0,0,2,2,0,20,15.0,272,18,14,0,0,,doughdr01,2020-2021,2021
Nic Dowd,30,WSH,C,11,2,2,4,3,12,0.4,2,0,0,0,2,0,0,9,22.2,166,6,18,70,78,47.3,dowdni01,2020-2021,2021
Justin Dowling,30,DAL,C,4,1,1,2,0,2,0.2,1,0,0,0,1,0,0,6,16.7,52,1,2,11,16,40.7,dowliju01,2020-2021,2021
Leon Draisaitl,25,EDM,C,12,7,15,22,12,4,2.9,2,4,1,3,10,5,0,34,20.6,262,5,10,131,98,57.2,draisle01,2020-2021,2021
Sheldon Dries,26,COL,C,1,0,0,0,1,2,0.0,0,0,0,0,0,0,0,1,0.0,8,0,4,0,1,0.0,driessh01,2020-2021,2021
Jonathan Drouin,25,MTL,LW,11,1,8,9,6,8,0.9,1,0,0,0,6,2,0,11,9.1,170,2,10,5,3,62.5,drouijo01,2020-2021,2021
Dillon Dube,22,CGY,C,7,1,2,3,0,4,0.3,0,1,0,0,2,0,0,12,8.3,91,1,6,3,1,75.0,dubedi01,2020-2021,2021
Pierre-Luc Dubois,22,CBJ,LW,5,1,0,1,-2,2,0.0,1,0,0,1,0,0,0,7,14.3,73,3,2,33,28,54.1,duboipi01,2020-2021,2021
Matt Duchene,30,NSH,C,11,2,3,5,-5,2,0.2,1,1,0,0,2,1,0,27,7.4,190,2,9,68,66,50.7,duchema01,2020-2021,2021
Anthony Duclair,25,FLA,LW,8,0,6,6,5,2,0.5,0,0,0,0,6,0,0,21,0.0,137,2,6,0,0,,duclaan01,2020-2021,2021
Mathew Dumba,26,MIN,D,9,3,1,4,-2,8,0.8,3,0,0,0,1,0,0,25,12.0,193,9,18,0,0,,dumbama01,2020-2021,2021
Brian Dumoulin,29,PIT,D,7,0,1,1,-1,2,0.2,0,0,0,0,1,0,0,9,0.0,156,8,13,0,0,,dumoubr01,2020-2021,2021
Vince Dunn,24,STL,D,10,3,2,5,-1,6,0.6,2,1,0,0,2,0,0,13,23.1,177,9,9,0,0,,dunnvi02,2020-2021,2021
Christian Dvorak,24,ARI,C,10,6,5,11,1,4,1.5,3,3,0,2,4,1,0,24,25.0,186,6,7,91,80,53.2,dvorach01,2020-2021,2021
Ryan Dzingel,28,CAR,C,8,2,0,2,-3,2,0.1,0,2,0,0,0,0,0,8,25.0,104,3,9,0,0,,dzingry01,2020-2021,2021
Cody Eakin,29,BUF,C,10,0,1,1,-2,0,-0.1,0,0,0,0,1,0,0,4,0.0,141,1,6,86,58,59.7,eakinco01,2020-2021,2021
Jordan Eberle,30,NYI,RW,9,3,2,5,-1,2,0.6,2,1,0,1,1,1,0,21,14.3,158,6,9,1,0,100.0,eberljo01,2020-2021,2021
Alexander Edler,34,VAN,D,13,0,4,4,0,14,0.5,0,0,0,0,4,0,0,22,0.0,257,19,19,0,0,,edleral01,2020-2021,2021
Joel Edmundson,27,MTL,D,11,1,2,3,13,7,1.3,1,0,0,0,2,0,0,12,8.3,200,18,24,0,0,,edmunjo01,2020-2021,2021
Nikolaj Ehlers,24,WPG,LW,11,6,6,12,9,0,1.7,5,1,0,2,5,1,0,39,15.4,188,2,4,0,0,,ehlerni01,2020-2021,2021
Jack Eichel,24,BUF,C,10,2,9,11,-6,2,0.8,1,1,0,1,3,6,0,39,5.1,214,8,5,116,97,54.5,eicheja01,2020-2021,2021
Aaron Ekblad,24,FLA,D,8,3,3,6,-1,6,1.0,1,2,0,0,1,2,0,20,15.0,204,7,8,0,0,,ekblaaa01,2020-2021,2021
Mattias Ekholm,30,NSH,D,11,0,3,3,0,0,0.5,0,0,0,0,3,0,0,24,0.0,239,15,1,0,0,,ekholma01,2020-2021,2021
Oliver Ekman-Larsson,29,ARI,D,2,0,3,3,1,2,0.4,0,0,0,0,2,1,0,4,0.0,39,1,3,0,0,,ekmanol01,2020-2021,2021
Lars Eller,31,WSH,C,7,1,1,2,-1,4,0.0,1,0,0,0,1,0,0,8,12.5,118,2,3,67,55,54.9,ellerla01,2020-2021,2021
Ryan Ellis,30,NSH,D,11,1,4,5,-1,0,0.7,0,1,0,0,3,1,0,29,3.4,273,24,5,0,0,,ellisry01,2020-2021,2021
Pierre Engvall,24,TOR,LW,4,0,1,1,0,4,0.0,0,0,0,0,1,0,0,7,0.0,38,0,4,4,4,50.0,engvapi01,2020-2021,2021
Tyler Ennis,31,EDM,C,5,0,1,1,-3,0,-0.1,0,0,0,0,1,0,0,4,0.0,48,1,5,0,0,,ennisty01,2020-2021,2021
Joel Eriksson Ek,24,MIN,C,11,5,4,9,8,2,1.5,5,0,0,1,3,1,0,31,16.1,189,4,17,67,89,42.9,eriksjo02,2020-2021,2021
Adam Erne,25,DET,LW,4,0,0,0,-1,0,-0.1,0,0,0,0,0,0,0,4,0.0,43,0,10,0,0,,ernead01,2020-2021,2021
Jake Evans,24,MTL,C,11,2,0,2,1,14,0.1,1,0,1,0,0,0,0,15,13.3,140,3,20,66,68,49.3,evansja02,2020-2021,2021
Robby Fabbri,25,DET,C,4,1,0,1,-2,0,0.0,1,0,0,1,0,0,0,7,14.3,62,6,7,13,23,36.1,fabbrro01,2020-2021,2021
Dante Fabbro,22,NSH,D,11,0,2,2,0,11,0.4,0,0,0,0,2,0,0,21,0.0,204,16,6,0,0,,fabbrda01,2020-2021,2021
Radek Faksa,27,DAL,C,8,1,0,1,0,4,0.0,1,0,0,0,0,0,0,9,11.1,138,7,15,51,40,56.0,faksara01,2020-2021,2021
Joel Farabee,20,PHI,LW,12,6,3,9,3,6,1.2,6,0,0,1,1,2,0,25,24.0,170,6,9,1,3,25.0,farabjo01,2020-2021,2021
Jesper Fast,29,CAR,RW,3,0,0,0,-1,0,-0.1,0,0,0,0,0,0,0,3,0.0,48,4,9,0,2,0.0,fastje01,2020-2021,2021
Justin Faulk,28,STL,D,11,3,1,4,10,7,1.3,3,0,0,0,1,0,0,28,10.7,260,12,39,0,0,,faulkju01,2020-2021,2021
Mario Ferraro,22,SJS,D,9,0,3,3,-1,2,0.5,0,0,0,0,2,1,0,14,0.0,201,16,22,0,0,,ferrama01,2020-2021,2021
Kevin Fiala,24,MIN,LW,8,3,0,3,-2,23,0.3,2,1,0,0,0,0,0,30,10.0,140,4,9,2,1,66.7,fialake01,2020-2021,2021
Valtteri Filppula,36,DET,C,11,1,0,1,-2,6,-0.1,1,0,0,0,0,0,0,6,16.7,168,3,3,42,53,44.2,filppva01,2020-2021,2021
Christian Fischer,23,ARI,RW,8,0,0,0,-2,0,-0.2,0,0,0,0,0,0,0,4,0.0,91,3,31,0,2,0.0,fischch01,2020-2021,2021
Haydn Fleury,24,CAR,D,8,0,0,0,-2,4,0.0,0,0,0,0,0,0,0,14,0.0,126,10,14,0,0,,fleurha01,2020-2021,2021
Warren Foegele,24,CAR,LW,5,1,1,2,-1,6,0.2,1,0,0,0,1,0,0,9,11.1,66,1,5,0,1,0.0,foegewa01,2020-2021,2021
Marcus Foligno,29,MIN,LW,9,1,2,3,4,9,0.4,1,0,0,0,2,0,0,9,11.1,132,3,25,2,3,40.0,foligma01,2020-2021,2021
Nick Foligno,33,CBJ,LW,12,3,2,5,-1,9,0.4,2,1,0,0,0,1,1,19,15.8,203,15,29,39,36,52.0,foligni01,2020-2021,2021
Callan Foote,22,TBL,D,7,1,0,1,7,0,0.8,1,0,0,0,0,0,0,5,20.0,75,3,5,0,0,,footeca01,2020-2021,2021
Derek Forbort,28,WPG,D,11,1,4,5,5,10,1.1,1,0,0,0,4,0,0,17,5.9,232,20,20,0,0,,forbode01,2020-2021,2021
Filip Forsberg,26,NSH,C,11,6,5,11,4,6,1.5,4,2,0,2,4,1,0,43,14.0,214,5,16,1,0,100.0,forsbfi01,2020-2021,2021
Gustav Forsling,24,FLA,D,3,0,0,0,1,0,0.1,0,0,0,0,0,0,0,3,0.0,46,3,2,0,0,,forslgu02,2020-2021,2021
Liam Foudy,20,CBJ,C,11,0,3,3,3,2,0.2,0,0,0,0,3,0,0,25,0.0,153,2,4,2,4,33.3,foudyli01,2020-2021,2021
Cam Fowler,29,ANA,D,12,1,2,3,-2,2,0.7,1,0,0,0,1,1,0,19,5.3,260,14,4,0,0,,fowleca01,2020-2021,2021
Adam Fox,22,NYR,D,10,1,6,7,3,4,1.3,0,1,0,0,2,4,0,22,4.5,245,24,4,0,0,,foxad01,2020-2021,2021
Trent Frederic,22,BOS,C,11,0,1,1,0,5,-0.1,0,0,0,0,1,0,0,11,0.0,128,3,14,4,5,44.4,fredetr01,2020-2021,2021
Mark Friedman,25,PHI,D,3,0,0,0,-1,4,-0.1,0,0,0,0,0,0,0,1,0.0,34,0,3,0,0,,friedma01,2020-2021,2021
Martin Frk,27,LAK,RW,1,0,0,0,-1,0,-0.1,0,0,0,0,0,0,0,0,,9,0,1,0,0,,frkma01,2020-2021,2021
Morgan Frost,21,PHI,C,2,0,0,0,0,0,0.0,0,0,0,0,0,0,0,0,,20,0,0,10,10,50.0,frostmo01,2020-2021,2021
Sam Gagner,31,DET,C,6,0,0,0,0,7,-0.1,0,0,0,0,0,0,0,6,0.0,80,1,0,5,11,31.3,gagnesa01,2020-2021,2021
Alex Galchenyuk,26,OTT,C,4,1,0,1,-4,4,0.0,0,1,0,0,0,0,0,9,11.1,42,0,5,0,0,,galchal01,2020-2021,2021
Brendan Gallagher,28,MTL,RW,11,5,2,7,1,2,0.9,4,1,0,1,2,0,0,44,11.4,166,6,10,9,5,64.3,gallabr01,2020-2021,2021
Dylan Gambrell,24,SJS,C,6,0,1,1,-1,4,-0.1,0,0,0,0,1,0,0,6,0.0,93,6,5,40,34,54.1,gambrdy01,2020-2021,2021
Jake Gardiner,30,CAR,D,8,0,3,3,2,0,0.7,0,0,0,0,1,2,0,10,0.0,132,5,6,0,0,,gardija01,2020-2021,2021
Rhett Gardner,24,DAL,C,2,0,0,0,-1,2,-0.1,0,0,0,0,0,0,0,1,0.0,15,0,1,4,7,36.4,gardnrh01,2020-2021,2021
Conor Garland,24,ARI,RW,10,4,6,10,6,8,1.4,3,1,0,0,5,1,0,42,9.5,172,3,2,0,1,0.0,garlaco01,2020-2021,2021
Adam Gaudette,24,VAN,C,11,2,0,2,-7,8,-0.1,2,0,0,0,0,0,0,18,11.1,103,6,5,20,24,45.5,gaudead01,2020-2021,2021
Johnny Gaudreau,27,CGY,LW,10,6,5,11,1,0,1.5,3,3,0,1,2,3,0,23,26.1,195,0,3,0,0,,gaudrjo01,2020-2021,2021
Julien Gauthier,23,NYR,RW,5,0,0,0,0,2,-0.1,0,0,0,0,0,0,0,5,0.0,42,2,8,0,1,0.0,gauthju01,2020-2021,2021
Vladislav Gavrikov,25,CBJ,D,12,1,1,2,0,2,0.6,1,0,0,1,1,0,0,12,8.3,230,14,13,0,0,,gavrivl01,2020-2021,2021
Morgan Geekie,22,CAR,C,6,0,0,0,-1,2,-0.1,0,0,0,0,0,0,0,4,0.0,63,1,7,24,23,51.1,geekimo01,2020-2021,2021
Nathan Gerbe,33,CBJ,C,1,0,1,1,1,2,0.1,0,0,0,0,1,0,0,1,0.0,10,1,2,0,0,,gerbena01,2020-2021,2021
Ryan Getzlaf,35,ANA,C,11,0,5,5,-2,9,0.2,0,0,0,0,4,1,0,14,0.0,181,9,23,71,74,49.0,getzlry01,2020-2021,2021
Dennis Gilbert,24,COL,D,1,0,0,0,0,0,0.0,0,0,0,0,0,0,0,0,,10,0,1,0,0,,gilbede01,2020-2021,2021
Mark Giordano,37,CGY,D,10,1,2,3,-4,2,0.5,0,1,0,0,1,1,0,22,4.5,215,17,6,0,0,,giordma01,2020-2021,2021
Samuel Girard,22,COL,D,11,1,8,9,4,8,1.7,1,0,0,0,3,5,0,18,5.6,238,8,7,0,0,,girarsa01,2020-2021,2021
Claude Giroux,33,PHI,C,12,1,10,11,4,6,0.8,1,0,0,0,5,5,0,18,5.6,225,1,10,98,78,55.7,giroucl01,2020-2021,2021
Cody Glass,21,VEG,C,4,2,1,3,0,0,0.4,0,2,0,0,1,0,0,6,33.3,56,2,1,17,15,53.1,glassco01,2020-2021,2021
Luke Glendening,31,DET,C,12,0,0,0,-6,8,-0.5,0,0,0,0,0,0,0,8,0.0,165,14,14,116,60,65.9,glendlu01,2020-2021,2021
Alex Goligoski,35,ARI,D,10,0,1,1,1,4,0.5,0,0,0,0,1,0,0,10,0.0,217,22,12,0,0,,goligal01,2020-2021,2021
Barclay Goodrow,27,TBL,RW,9,2,4,6,6,6,0.7,2,0,0,1,4,0,0,12,16.7,138,6,12,9,21,30.0,goodrba01,2020-2021,2021
Shayne Gostisbehere,27,PHI,D,6,0,1,1,3,0,0.4,0,0,0,0,1,0,0,12,0.0,120,8,2,0,0,,gostish01,2020-2021,2021
Yanni Gourde,29,TBL,C,9,3,2,5,4,5,0.7,3,0,0,0,2,0,0,18,16.7,143,0,4,48,43,52.7,gourdya01,2020-2021,2021
Mikael Granlund,28,NSH,C,8,3,3,6,2,0,0.7,3,0,0,0,3,0,0,20,15.0,166,9,6,10,7,58.8,granlmi01,2020-2021,2021
Derek Grant,30,ANA,C,9,0,4,4,2,4,0.3,0,0,0,0,4,0,0,14,0.0,141,13,10,68,69,49.6,grantde01,2020-2021,2021
Ryan Graves,25,COL,D,10,0,1,1,-5,18,0.0,0,0,0,0,1,0,0,17,0.0,174,19,12,0,0,,gravery01,2020-2021,2021
Andy Greene,38,NYI,D,9,0,0,0,0,0,0.3,0,0,0,0,0,0,0,9,0.0,150,21,5,0,0,,greenan01,2020-2021,2021
Jordan Greenway,23,MIN,LW,11,2,8,10,8,16,1.3,2,0,0,0,8,0,0,16,12.5,174,8,14,4,3,57.1,greenjo02,2020-2021,2021
Noah Gregor,22,SJS,C,7,2,0,2,-4,4,0.1,2,0,0,0,0,0,0,16,12.5,86,3,8,7,18,28.0,gregono01,2020-2021,2021
Mikhail Grigorenko,26,CBJ,C,12,2,3,5,-2,2,0.4,2,0,0,0,3,0,0,13,15.4,163,8,4,3,6,33.3,grigomi01,2020-2021,2021
Rocco Grimaldi,27,NSH,C,7,1,1,2,-5,4,0.0,1,0,0,0,1,0,0,5,20.0,80,3,6,0,0,,grimaro01,2020-2021,2021
Jordan Gross,25,ARI,D,3,0,0,0,-2,0,-0.1,0,0,0,0,0,0,0,7,0.0,46,2,3,0,0,,grossjo01,2020-2021,2021
Carl Grundstrom,23,LAK,RW,8,2,0,2,-3,0,0.2,2,0,0,1,0,0,0,10,20.0,91,3,13,0,1,0.0,grundca01,2020-2021,2021
Matt Grzelcyk,27,BOS,D,5,0,3,3,2,8,0.6,0,0,0,0,2,1,0,13,0.0,91,4,0,0,0,,grzelma01,2020-2021,2021
Radko Gudas,30,FLA,D,8,0,1,1,4,2,0.5,0,0,0,0,1,0,0,13,0.0,135,10,41,0,0,,gudasra01,2020-2021,2021
Erik Gudbranson,29,OTT,D,11,0,2,2,-9,13,-0.2,0,0,0,0,2,0,0,13,0.0,218,27,31,0,0,,gudbrer01,2020-2021,2021
Jake Guentzel,26,PIT,C,10,3,3,6,-8,8,0.3,2,1,0,1,2,1,0,27,11.1,204,1,8,0,2,0.0,guentja01,2020-2021,2021
Carl Gunnarsson,34,STL,D,5,0,1,1,0,4,0.1,0,0,0,0,1,0,0,1,0.0,64,7,3,0,0,,gunnaca01,2020-2021,2021
Denis Gurianov,23,DAL,RW,8,4,5,9,-3,2,1.0,1,3,0,1,3,2,0,22,18.2,129,2,12,0,0,,guriade01,2020-2021,2021
Nikita Gusev,28,NJD,LW,9,0,1,1,-6,0,-0.4,0,0,0,0,1,0,0,24,0.0,127,1,1,0,0,,gusevni01,2020-2021,2021
David Gustafsson,20,WPG,C,4,0,0,0,-1,0,-0.1,0,0,0,0,0,0,0,1,0.0,23,0,0,11,10,52.4,gustada01,2020-2021,2021
Erik Gustafsson,28,PHI,D,10,0,6,6,-1,0,0.6,0,0,0,0,3,3,0,10,0.0,174,11,9,0,0,,gustaer02,2020-2021,2021
Gaetan Haas,29,EDM,F,2,0,0,0,-1,0,-0.1,0,0,0,0,0,0,0,0,,29,4,2,15,17,46.9,haasga01,2020-2021,2021
Brandon Hagel,22,CHI,LW,9,0,1,1,-3,2,-0.2,0,0,0,0,1,0,0,11,0.0,109,8,8,1,0,100.0,hagelbr01,2020-2021,2021
Carl Hagelin,32,WSH,LW,11,1,1,2,1,2,0.0,1,0,0,0,1,0,0,17,5.9,175,7,6,2,6,25.0,hagelca01,2020-2021,2021
Robert Hagg,25,PHI,D,9,0,0,0,-3,2,-0.2,0,0,0,0,0,0,0,8,0.0,142,9,28,0,0,,haggro01,2020-2021,2021
Nicolas Hague,22,VEG,D,5,1,3,4,4,0,0.8,1,0,0,0,3,0,0,6,16.7,75,7,9,0,0,,hagueni01,2020-2021,2021
Libor Hajek,22,NYR,D,1,0,0,0,0,0,0.0,0,0,0,0,0,0,0,0,,9,1,0,0,0,,hajekli01,2020-2021,2021
Jani Hakanpaa,28,ANA,D,12,0,0,0,4,6,0.7,0,0,0,0,0,0,0,9,0.0,219,28,35,0,0,,hakanja01,2020-2021,2021
Micheal Haley,34,OTT,C,1,0,0,0,0,5,0.0,0,0,0,0,0,0,0,0,,8,0,3,0,1,0.0,haleymi01,2020-2021,2021
Taylor Hall,29,BUF,LW,10,1,8,9,-6,4,0.5,0,1,0,0,4,4,0,29,3.4,206,4,11,0,1,0.0,hallta02,2020-2021,2021
Dougie Hamilton,27,CAR,D,8,0,6,6,4,11,1.2,0,0,0,0,3,3,0,21,0.0,179,7,8,0,0,,hamildo01,2020-2021,2021
Travis Hamonic,30,VAN,D,5,0,2,2,0,4,0.2,0,0,0,0,2,0,0,7,0.0,91,7,4,0,1,0.0,hamontr01,2020-2021,2021
Fredrik Händemark,27,SJS,C,1,0,0,0,-1,0,-0.1,0,0,0,0,0,0,0,0,,10,0,0,2,3,40.0,handefr01,2020-2021,2021
Noah Hanifin,24,CGY,D,10,0,3,3,3,6,0.9,0,0,0,0,3,0,0,18,0.0,187,5,2,0,0,,hanifno01,2020-2021,2021
Joel Hanley,29,DAL,D,4,0,0,0,0,0,0.0,0,0,0,0,0,0,0,5,0.0,48,3,4,0,0,,hanlejo01,2020-2021,2021
Jansen Harkins,23,WPG,C,9,0,0,0,-2,4,-0.2,0,0,0,0,0,0,0,4,0.0,76,1,2,8,5,61.5,harkija01,2020-2021,2021
Ryan Hartman,26,MIN,RW,11,1,2,3,-3,4,0.1,0,0,1,0,2,0,0,16,6.3,133,11,11,19,26,42.2,hartmry01,2020-2021,2021
Garnet Hathaway,29,WSH,RW,11,2,3,5,5,8,0.6,2,0,0,0,3,0,0,12,16.7,143,4,39,3,3,50.0,hathaga01,2020-2021,2021
Erik Haula,29,NSH,LW,11,0,4,4,-1,6,0.1,0,0,0,0,3,1,0,12,0.0,168,6,15,46,42,52.3,haulaer01,2020-2021,2021
John Hayden,25,ARI,C,3,0,0,0,-3,0,-0.2,0,0,0,0,0,0,0,0,,33,5,7,0,1,0.0,haydejo01,2020-2021,2021
Kevin Hayes,28,PHI,RW,12,6,5,11,4,2,1.3,5,1,0,1,4,1,0,29,20.7,228,1,10,64,63,50.4,hayeske01,2020-2021,2021
Barrett Hayton,20,ARI,C,9,1,0,1,-1,0,0.0,1,0,0,0,0,0,0,7,14.3,104,2,7,23,24,48.9,haytoba01,2020-2021,2021
Victor Hedman,30,TBL,D,9,3,7,10,2,4,1.6,3,0,0,0,2,5,0,24,12.5,231,12,14,0,0,,hedmavi01,2020-2021,2021
Danton Heinen,25,ANA,C,12,3,1,4,-1,0,0.5,2,1,0,1,1,0,0,24,12.5,172,11,8,0,1,0.0,heineda01,2020-2021,2021
Ville Heinola,19,WPG,D,1,0,0,0,2,0,0.2,0,0,0,0,0,0,0,1,0.0,14,1,0,0,0,,heinovi01,2020-2021,2021
Miro Heiskanen,21,DAL,D,8,0,6,6,2,2,0.9,0,0,0,0,4,2,0,8,0.0,183,7,3,0,0,,heiskmi01,2020-2021,2021
Darren Helm,34,DET,C,6,0,0,0,-2,2,-0.2,0,0,0,0,0,0,0,7,0.0,73,2,5,4,1,80.0,helmda01,2020-2021,2021
Adam Henrique,30,ANA,C,11,2,1,3,-4,2,0.1,2,0,0,0,1,0,0,17,11.8,184,11,19,76,58,56.7,henriad01,2020-2021,2021
Aleksi Heponiemi,22,FLA,C,3,1,0,1,0,2,0.1,1,0,0,1,0,0,0,3,33.3,28,0,0,0,0,,heponal01,2020-2021,2021
Tomas Hertl,27,SJS,C,9,3,4,7,-6,2,0.6,1,2,0,0,2,2,0,15,20.0,177,4,5,101,96,51.3,hertlto01,2020-2021,2021
Matthew Highmore,24,CHI,LW,7,0,0,0,-1,0,-0.1,0,0,0,0,0,0,0,10,0.0,64,2,7,0,0,,highmma01,2020-2021,2021
Vinnie Hinostroza,26,FLA,C,4,0,0,0,0,0,-0.1,0,0,0,0,0,0,0,1,0.0,41,1,1,1,2,33.3,hinosvi01,2020-2021,2021
Roope Hintz,24,DAL,LW,6,2,5,7,-3,2,0.6,0,2,0,0,0,5,0,12,16.7,107,3,11,37,48,43.5,hintzro01,2020-2021,2021
Taro Hirose,24,DET,LW,6,0,2,2,2,0,0.2,0,0,0,0,2,0,0,10,0.0,86,2,1,1,1,50.0,hirosta01,2020-2021,2021
Niklas Hjalmarsson,33,ARI,D,10,0,0,0,-1,4,0.2,0,0,0,0,0,0,0,7,0.0,187,15,7,0,0,,hjalmni01,2020-2021,2021
Mike Hoffman,31,STL,C,10,4,3,7,4,0,0.9,4,0,0,0,2,1,0,28,14.3,146,2,7,0,2,0.0,hoffmmi02,2020-2021,2021
Nils Hoglander,20,VAN,LW,14,3,4,7,-1,4,0.6,3,0,0,1,4,0,0,23,13.0,200,11,10,0,0,,hoglani01,2020-2021,2021
Nick Holden,33,VEG,D,1,0,0,0,0,0,0.0,0,0,0,0,0,0,0,3,0.0,15,4,3,0,0,,holdeni01,2020-2021,2021
Justin Holl,29,TOR,D,11,0,5,5,5,4,1.1,0,0,0,0,5,0,0,7,0.0,242,16,21,0,0,,hollju01,2020-2021,2021
Patric Hornqvist,34,FLA,RW,8,5,3,8,-1,0,1.0,2,3,0,0,1,2,0,29,17.2,124,3,11,0,4,0.0,hornqpa01,2020-2021,2021
Bo Horvat,25,VAN,C,14,6,6,12,-4,4,1.2,3,3,0,0,5,1,0,30,20.0,265,4,7,163,138,54.2,horvabo01,2020-2021,2021
Brett Howden,22,NYR,C,10,0,1,1,-1,7,-0.2,0,0,0,0,1,0,0,10,0.0,133,2,15,45,46,49.5,howdebr01,2020-2021,2021
Filip Hronek,23,DET,D,12,0,6,6,-7,4,0.6,0,0,0,0,3,3,0,24,0.0,289,11,15,0,0,,hronefi01,2020-2021,2021
Jonathan Huberdeau,27,FLA,LW,8,4,8,12,1,10,1.4,3,1,0,0,2,6,0,12,33.3,133,2,4,0,1,0.0,huberjo01,2020-2021,2021
Jack Hughes,19,NJD,C,9,3,5,8,2,0,0.8,2,1,0,1,4,1,0,19,15.8,179,3,6,39,73,34.8,hugheja03,2020-2021,2021
Quinn Hughes,21,VAN,D,14,1,14,15,-10,6,1.0,1,0,0,0,7,7,0,37,2.7,311,6,2,0,0,,hughequ01,2020-2021,2021
Brad Hunt,32,MIN,D,5,0,0,0,0,0,0.1,0,0,0,0,0,0,0,6,0.0,44,3,2,0,0,,huntbr01,2020-2021,2021
Dryden Hunt,25,ARI,LW,1,0,0,0,-2,0,-0.1,0,0,0,0,0,0,0,0,,11,1,3,0,0,,huntdr01,2020-2021,2021
Ben Hutton,27,ANA,D,6,0,0,0,-1,2,0.1,0,0,0,0,0,0,0,7,0.0,113,5,10,0,0,,huttobe01,2020-2021,2021
Zach Hyman,28,TOR,C,11,2,3,5,4,10,0.5,0,2,0,0,2,1,0,30,6.7,216,5,17,7,16,30.4,hymanza01,2020-2021,2021
Alex Iafallo,27,LAK,C,10,2,3,5,0,0,0.4,1,1,0,0,2,1,0,28,7.1,207,5,7,0,0,,iafalal01,2020-2021,2021
Matt Irwin,33,BUF,D,3,0,1,1,-1,4,0.1,0,0,0,0,1,0,0,7,0.0,49,3,8,0,0,,irwinma01,2020-2021,2021
Mark Jankowski,26,PIT,C,10,1,2,3,-1,0,0.2,1,0,0,0,2,0,0,10,10.0,121,4,9,45,52,46.4,jankoma01,2020-2021,2021
Mattias Janmark,28,CHI,C,12,4,4,8,-2,2,0.8,2,1,1,0,2,2,0,19,21.1,214,2,5,3,4,42.9,janmama02,2020-2021,2021
Calle Jarnkrok,29,NSH,C,5,2,0,2,2,0,0.4,2,0,0,0,0,0,0,5,40.0,66,1,2,9,12,42.9,jarnkca01,2020-2021,2021
Boone Jenner,27,CBJ,C,12,3,3,6,-4,2,0.4,3,0,0,0,3,0,0,21,14.3,207,17,26,41,31,56.9,jennebo01,2020-2021,2021
Nick Jensen,30,WSH,D,8,0,2,2,1,2,0.3,0,0,0,0,2,0,0,6,0.0,142,13,13,0,0,,jenseni02,2020-2021,2021
Ryan Johansen,28,NSH,C,10,0,4,4,0,4,0.1,0,0,0,0,0,4,0,16,0.0,178,3,6,92,72,56.1,johanry01,2020-2021,2021
Marcus Johansson,30,MIN,C,9,2,1,3,0,4,0.3,2,0,0,1,1,0,0,9,22.2,142,5,2,3,7,30.0,johanma03,2020-2021,2021
Erik Johnson,32,COL,D,4,0,1,1,2,2,0.3,0,0,0,0,1,0,0,5,0.0,54,5,7,0,0,,johnser01,2020-2021,2021
Jack Johnson,34,NYR,D,5,0,0,0,-4,4,-0.2,0,0,0,0,0,0,0,5,0.0,83,3,18,0,0,,johnsja02,2020-2021,2021
Luke Johnson,26,MIN,C,2,0,0,0,-1,0,-0.1,0,0,0,0,0,0,0,1,0.0,22,0,1,0,1,0.0,johnslu01,2020-2021,2021
Reese Johnson,22,CHI,F,1,0,0,0,0,2,0.0,0,0,0,0,0,0,0,1,0.0,11,0,7,0,0,,johnsre01,2020-2021,2021
Tyler Johnson,30,TBL,C,8,1,3,4,1,0,0.3,0,1,0,0,3,0,0,16,6.3,122,1,9,28,19,59.6,johnsty01,2020-2021,2021
Andreas Johnsson,26,NJD,LW,9,2,1,3,3,8,0.4,2,0,0,0,1,0,0,8,25.0,125,3,4,4,4,50.0,johnsan01,2020-2021,2021
Ross Johnston,26,NYI,LW,6,0,0,0,-2,18,-0.1,0,0,0,0,0,0,0,2,0.0,51,3,22,1,2,33.3,johnsro02,2020-2021,2021
Henri Jokiharju,21,BUF,D,7,1,0,1,-2,0,0.3,1,0,0,0,0,0,0,7,14.3,120,7,4,0,0,,jokihhe01,2020-2021,2021
Caleb Jones,23,EDM,D,7,0,1,1,-1,4,0.1,0,0,0,0,1,0,0,7,0.0,104,5,1,0,0,,jonesca01,2020-2021,2021
Max Jones,22,ANA,LW,6,1,0,1,-2,2,0.0,1,0,0,0,0,0,0,4,25.0,77,1,15,0,0,,jonesma03,2020-2021,2021
Seth Jones,26,CBJ,D,12,1,2,3,-9,10,0.0,0,1,0,0,2,0,0,21,4.8,300,14,15,0,0,,jonesse01,2020-2021,2021
Mathieu Joseph,23,TBL,RW,9,2,1,3,3,2,0.4,2,0,0,1,1,0,0,10,20.0,92,0,11,11,21,34.4,josepma01,2020-2021,2021
Pierre-Olivier Joseph,21,PIT,D,6,0,4,4,3,2,0.7,0,0,0,0,4,0,0,12,0.0,109,2,10,0,0,,joseppi01,2020-2021,2021
Roman Josi,30,NSH,D,11,2,4,6,-1,2,1.0,2,0,0,1,3,1,0,40,5.0,277,16,8,0,0,,josiro01,2020-2021,2021
Tyson Jost,22,COL,C,11,0,1,1,2,6,0.0,0,0,0,0,1,0,0,10,0.0,156,2,7,29,33,46.8,jostty01,2020-2021,2021
Olli Juolevi,22,VAN,D,7,1,0,1,2,0,0.4,1,0,0,0,0,0,0,5,20.0,90,8,7,0,0,,juoleol01,2020-2021,2021
Noah Juulsen,23,FLA,D,1,0,0,0,0,0,0.0,0,0,0,0,0,0,0,2,0.0,14,0,5,0,0,,juulsno01,2020-2021,2021
Nazem Kadri,30,COL,C,11,3,4,7,-6,8,0.5,1,2,0,1,3,1,0,33,9.1,186,1,7,93,71,56.7,kadrina01,2020-2021,2021
Dominik Kahun,25,EDM,C,12,2,1,3,6,0,0.4,2,0,0,0,1,0,0,22,9.1,169,5,7,8,6,57.1,kahundo01,2020-2021,2021
Kaapo Kakko,19,NYR,RW,9,2,1,3,2,4,0.4,2,0,0,0,1,0,0,15,13.3,121,3,1,1,3,25.0,kakkoka01,2020-2021,2021
Arthur Kaliyev,19,LAK,RW,1,1,0,1,-1,0,0.1,1,0,0,0,0,0,0,1,100.0,15,1,0,0,0,,kaliyar01,2020-2021,2021
David Kampf,26,CHI,C,12,0,1,1,-2,8,-0.2,0,0,0,0,1,0,0,13,0.0,162,3,10,77,62,55.4,kampfda01,2020-2021,2021
Evander Kane,29,SJS,LW,9,3,4,7,-4,20,0.7,1,1,1,0,2,2,0,25,12.0,167,2,16,8,7,53.3,kaneev01,2020-2021,2021
Patrick Kane,32,CHI,RW,12,6,9,15,-1,6,1.7,5,1,0,0,5,4,0,43,14.0,259,6,2,0,0,,kanepa01,2020-2021,2021
Kasperi Kapanen,24,PIT,RW,7,2,3,5,4,5,0.7,2,0,0,0,3,0,0,8,25.0,106,1,11,0,0,,kapanka01,2020-2021,2021
Kirill Kaprizov,23,MIN,LW,11,3,6,9,4,2,1.1,2,1,0,1,6,0,0,17,17.6,206,3,5,0,2,0.0,kapriki01,2020-2021,2021
Erik Karlsson,30,SJS,D,9,0,3,3,-6,2,0.2,0,0,0,0,2,1,0,13,0.0,241,14,4,0,0,,karlser01,2020-2021,2021
William Karlsson,28,VEG,C,8,3,3,6,3,0,0.7,3,0,0,1,2,1,0,18,16.7,150,5,4,77,63,55.0,karlswi01,2020-2021,2021
Ondrej Kase,25,BOS,RW,2,0,0,0,0,0,0.0,0,0,0,0,0,0,0,2,0.0,19,0,0,0,0,,kaseon01,2020-2021,2021
Zack Kassian,30,EDM,RW,11,1,2,3,-3,4,0.0,1,0,0,0,2,0,0,12,8.3,151,3,28,0,1,0.0,kassiza01,2020-2021,2021
Martin Kaut,21,COL,RW,1,0,0,0,0,2,0.0,0,0,0,0,0,0,0,0,,6,0,0,0,0,,kautma01,2020-2021,2021
Duncan Keith,37,CHI,D,12,0,5,5,-1,12,0.8,0,0,0,0,2,3,0,25,0.0,288,20,4,0,0,,keithdu01,2020-2021,2021
Clayton Keller,22,ARI,C,10,2,2,4,4,8,0.5,2,0,0,0,2,0,0,25,8.0,163,2,1,1,4,20.0,kellecl01,2020-2021,2021
Joel Kellman,26,SJS,F,1,0,0,0,-1,2,-0.1,0,0,0,0,0,0,0,1,0.0,12,1,0,3,3,50.0,kellmjo01,2020-2021,2021
Adrian Kempe,24,LAK,LW,10,3,3,6,-3,4,0.6,2,1,0,1,1,2,0,25,12.0,175,5,6,0,3,0.0,kempead01,2020-2021,2021
Alexander Kerfoot,26,TOR,C,11,1,3,4,-1,10,0.2,1,0,0,0,2,1,0,17,5.9,160,6,5,44,58,43.1,kerfoal01,2020-2021,2021
Tanner Kero,28,DAL,RW,6,0,2,2,1,2,0.1,0,0,0,0,2,0,0,6,0.0,81,3,3,5,4,55.6,kerota01,2020-2021,2021
Phil Kessel,33,ARI,RW,10,4,3,7,-6,2,0.6,3,1,0,0,1,2,0,26,15.4,167,4,3,1,2,33.3,kesseph01,2020-2021,2021
Jujhar Khaira,26,EDM,LW,3,0,1,1,-3,10,-0.1,0,0,0,0,1,0,0,3,0.0,29,2,6,5,17,22.7,khairju01,2020-2021,2021
Alex Killorn,31,TBL,C,9,2,4,6,5,6,0.6,2,0,0,0,3,1,0,20,10.0,175,2,8,0,1,0.0,killoal01,2020-2021,2021
Joel Kiviranta,24,DAL,F,1,1,1,2,2,0,0.4,0,1,0,0,1,0,0,2,50.0,12,1,1,0,0,,kivirjo01,2020-2021,2021
John Klingberg,28,DAL,D,8,2,8,10,1,4,1.5,1,1,0,0,2,6,0,13,15.4,183,9,7,0,0,,klingjo01,2020-2021,2021
Nikolai Knyzhov,22,SJS,D,9,0,0,0,-3,6,-0.1,0,0,0,0,0,0,0,7,0.0,94,7,6,0,0,,knyzhni01,2020-2021,2021
Slater Koekkoek,26,EDM,D,10,1,0,1,-5,2,-0.1,1,0,0,0,0,0,0,10,10.0,152,22,5,0,0,,koekksl01,2020-2021,2021
Mikko Koivu,37,CBJ,C,6,1,1,2,0,2,0.2,1,0,0,0,1,0,0,3,33.3,78,1,7,28,35,44.4,koivumi01,2020-2021,2021
Keegan Kolesar,23,VEG,RW,7,0,2,2,-1,0,0.1,0,0,0,0,2,0,0,4,0.0,43,1,19,1,7,12.5,koleske01,2020-2021,2021
Leo Komarov,34,NYI,C,3,0,0,0,-2,5,-0.1,0,0,0,0,0,0,0,2,0.0,36,1,4,0,1,0.0,komarle01,2020-2021,2021
Travis Konecny,23,PHI,C,11,5,3,8,4,2,1.1,3,2,0,1,3,0,0,15,33.3,171,4,15,2,4,33.3,konectr01,2020-2021,2021
Anze Kopitar,33,LAK,C,10,1,12,13,-1,2,1.1,1,0,0,1,4,8,0,22,4.5,224,5,9,112,97,53.6,kopitan01,2020-2021,2021
Jesperi Kotkaniemi,20,MTL,C,11,1,6,7,6,4,0.7,1,0,0,0,5,1,0,21,4.8,151,5,16,48,58,45.3,kotkaje01,2020-2021,2021
Chris Kreider,29,NYR,LW,10,4,0,4,-5,8,0.3,2,2,0,1,0,0,0,22,18.2,173,8,21,2,7,22.2,kreidch01,2020-2021,2021
David Krejci,34,BOS,C,11,0,9,9,1,8,0.7,0,0,0,0,4,5,0,20,0.0,199,6,4,64,50,56.1,krejcda01,2020-2021,2021
Torey Krug,29,STL,D,11,1,6,7,9,6,1.3,0,1,0,0,5,1,0,20,5.0,245,13,12,0,0,,krugto01,2020-2021,2021
Dominik Kubalík,25,CHI,LW,12,3,8,11,-1,10,1.1,0,3,0,0,2,6,0,38,7.9,188,2,8,0,1,0.0,kubaldo01,2020-2021,2021
Karson Kuhlman,25,BOS,C,2,0,0,0,-1,0,-0.1,0,0,0,0,0,0,0,3,0.0,18,0,2,1,1,50.0,kuhlmka01,2020-2021,2021
Dean Kukan,27,CBJ,D,12,1,3,4,6,2,1.2,1,0,0,0,3,0,0,11,9.1,168,15,12,0,0,,kukande01,2020-2021,2021
Brett Kulak,27,MTL,D,10,0,3,3,4,12,0.5,0,0,0,0,3,0,0,12,0.0,138,16,7,0,0,,kulakbr01,2020-2021,2021
Dmitry Kulikov,30,NJD,D,9,0,1,1,4,2,0.4,0,0,0,0,1,0,0,10,0.0,179,14,14,0,0,,kulikdm01,2020-2021,2021
Luke Kunin,23,NSH,C,8,2,0,2,-1,2,0.2,2,0,0,0,0,0,0,13,15.4,116,4,14,1,2,33.3,kuninlu01,2020-2021,2021
Janne Kuokkanen,22,NJD,C,9,1,2,3,2,6,0.3,1,0,0,0,2,0,0,5,20.0,107,2,2,0,3,0.0,kuokkja01,2020-2021,2021
Sean Kuraly,28,BOS,C,11,2,1,3,2,8,0.4,2,0,0,2,1,0,0,19,10.5,151,4,20,45,31,59.2,kuralse01,2020-2021,2021
Philipp Kurashev,21,CHI,C,11,4,2,6,-3,2,0.7,3,1,0,0,1,1,0,16,25.0,139,3,4,12,15,44.4,kurasph01,2020-2021,2021
Evgeny Kuznetsov,28,WSH,C,4,1,2,3,1,4,0.3,1,0,0,0,1,1,0,11,9.1,62,3,2,19,27,41.3,kuzneev01,2020-2021,2021
Jordan Kyrou,22,STL,C,11,5,7,12,4,0,1.5,5,0,0,2,6,1,0,27,18.5,152,0,3,1,2,33.3,kyroujo01,2020-2021,2021
Joel L'Esperance,25,DAL,RW,3,0,0,0,-2,0,-0.1,0,0,0,0,0,0,0,3,0.0,28,0,3,2,3,40.0,lespejo01,2020-2021,2021
Kevin Labanc,25,SJS,RW,9,1,4,5,-3,6,0.3,1,0,0,0,4,0,0,24,4.2,144,4,7,0,0,,labanke01,2020-2021,2021
Sam Lafferty,25,PIT,C,5,0,0,0,-2,2,-0.1,0,0,0,0,0,0,0,5,0.0,36,1,10,3,4,42.9,laffesa01,2020-2021,2021
Alexis Lafreniere,19,NYR,LW,10,1,0,1,-3,2,-0.2,1,0,0,1,0,0,0,18,5.6,144,2,8,2,2,50.0,lafreal01,2020-2021,2021
William Lagesson,24,EDM,D,3,0,0,0,1,0,0.1,0,0,0,0,0,0,0,1,0.0,40,2,4,0,0,,lageswi01,2020-2021,2021
Patrik Laine,22,CBJ,RW,2,1,0,1,-2,2,0.1,1,0,0,0,0,0,0,3,33.3,39,0,3,0,0,,lainepa01,2020-2021,2021
Patrik Laine,22,WPG,RW,1,2,1,3,1,4,0.5,2,0,0,1,0,1,0,3,66.7,16,1,3,1,1,50.0,lainepa01,2020-2021,2021
Juho Lammikko,25,FLA,RW,4,0,0,0,-2,0,-0.2,0,0,0,0,0,0,0,4,0.0,39,4,2,11,16,40.7,lammiju01,2020-2021,2021
Gabriel Landeskog,28,COL,LW,11,3,5,8,1,8,0.9,3,0,0,2,4,1,0,32,9.4,224,6,20,52,29,64.2,landega01,2020-2021,2021
Dylan Larkin,24,DET,C,12,4,5,9,-5,13,0.8,4,0,0,0,2,3,0,38,10.5,248,1,11,109,102,51.7,larkidy01,2020-2021,2021
Adam Larsson,28,EDM,D,12,2,1,3,-3,10,0.4,2,0,0,0,1,0,0,14,14.3,212,40,30,0,0,,larssad01,2020-2021,2021
Jacob Larsson,23,ANA,D,12,0,2,2,-1,2,0.5,0,0,0,0,2,0,0,8,0.0,195,18,4,0,0,,larssja01,2020-2021,2021
Johan Larsson,28,ARI,LW,10,0,0,0,-5,4,-0.4,0,0,0,0,0,0,0,7,0.0,137,8,8,61,75,44.9,larssjo02,2020-2021,2021
Scott Laughton,26,PHI,C,12,1,5,6,4,10,0.4,1,0,0,1,5,0,0,14,7.1,182,8,29,46,66,41.1,laughsc01,2020-2021,2021
Jeremy Lauzon,23,BOS,D,11,0,2,2,-3,6,0.4,0,0,0,0,2,0,0,18,0.0,219,15,28,0,0,,lauzoje01,2020-2021,2021
Curtis Lazar,25,BUF,C,10,3,1,4,1,0,0.6,3,0,0,0,1,0,0,11,27.3,121,2,25,15,17,46.9,lazarcu01,2020-2021,2021
Nick Leddy,29,NYI,D,9,1,4,5,-4,0,0.7,0,1,0,0,2,2,0,19,5.3,187,6,8,0,0,,leddyni01,2020-2021,2021
Anders Lee,30,NYI,LW,9,3,2,5,2,4,0.7,1,2,0,0,2,0,0,31,9.7,167,6,8,28,26,51.9,leean01,2020-2021,2021
Artturi Lehkonen,25,MTL,LW,11,2,2,4,2,2,0.4,0,0,2,0,2,0,0,20,10.0,146,6,22,3,1,75.0,lehkoar01,2020-2021,2021
Mikko Lehtonen,27,TOR,D,4,0,1,1,-1,2,0.0,0,0,0,0,0,1,0,1,0.0,37,0,1,0,0,,lehtomi03,2020-2021,2021
Josh Leivo,27,CGY,LW,10,0,1,1,-3,4,-0.2,0,0,0,0,1,0,0,15,0.0,126,0,5,1,3,25.0,leivojo01,2020-2021,2021
Brendan Lemieux,24,NYR,LW,9,1,1,2,3,8,0.3,1,0,0,0,1,0,0,12,8.3,85,5,15,2,5,28.6,lemiebr01,2020-2021,2021
John Leonard,22,SJS,LW,7,0,2,2,-5,0,-0.1,0,0,0,0,2,0,0,9,0.0,91,3,1,0,0,,leonajo01,2020-2021,2021
Kris Letang,33,PIT,D,9,0,3,3,-1,6,0.4,0,0,0,0,2,1,0,21,0.0,221,10,18,0,0,,letankr01,2020-2021,2021
Vinni Lettieri,25,ANA,C,1,0,0,0,1,0,0.0,0,0,0,0,0,0,0,2,0.0,14,0,4,0,0,,lettivi01,2020-2021,2021
Trevor Lewis,34,WPG,C,11,1,1,2,1,0,0.1,0,0,1,0,1,0,0,10,10.0,101,7,13,1,2,33.3,lewistr01,2020-2021,2021
Oskar Lindblom,24,PHI,LW,12,2,2,4,1,0,0.2,2,0,0,0,2,0,0,19,10.5,185,8,9,0,0,,lindbos01,2020-2021,2021
Esa Lindell,26,DAL,D,8,1,0,1,5,4,0.8,0,0,1,0,0,0,0,10,10.0,191,14,6,0,0,,lindees01,2020-2021,2021
Ryan Lindgren,22,NYR,D,10,0,2,2,2,8,0.6,0,0,0,0,2,0,0,10,0.0,196,6,14,0,0,,lindgry01,2020-2021,2021
Elias Lindholm,26,CGY,C,10,2,9,11,1,8,1.1,1,1,0,1,4,5,0,26,7.7,214,7,13,80,78,50.6,lindhel01,2020-2021,2021
Hampus Lindholm,27,ANA,D,12,2,2,4,-2,12,1.0,2,0,0,0,1,1,0,21,9.5,275,14,7,0,0,,lindhha01,2020-2021,2021
Par Lindholm,29,BOS,C,1,0,0,0,0,0,0.0,0,0,0,0,0,0,0,0,,13,0,0,4,1,80.0,lindhpa01,2020-2021,2021
Blake Lizotte,23,LAK,C,8,2,0,2,-3,6,0.1,2,0,0,0,0,0,0,10,20.0,106,3,3,39,33,54.2,lizotbl01,2020-2021,2021
Ryan Lomberg,26,FLA,LW,1,0,0,0,0,0,0.0,0,0,0,0,0,0,0,1,0.0,11,0,5,0,0,,lombery01,2020-2021,2021
Steven Lorentz,24,CAR,C,4,0,1,1,-1,2,0.0,0,0,0,0,1,0,0,2,0.0,48,0,5,6,3,66.7,lorenst01,2020-2021,2021
Adam Lowry,27,WPG,LW,11,4,5,9,2,0,1.0,4,0,0,1,3,2,0,24,16.7,180,7,25,77,85,47.5,lowryad01,2020-2021,2021
Milan Lucic,32,CGY,LW,10,2,1,3,-3,10,0.3,2,0,0,0,1,0,0,12,16.7,111,4,24,1,2,33.3,lucicmi01,2020-2021,2021
Matt Luff,23,LAK,RW,2,0,0,0,-1,0,-0.1,0,0,0,0,0,0,0,1,0.0,20,1,1,1,1,50.0,luffma01,2020-2021,2021
Isac Lundestrom,21,ANA,C,5,0,0,0,-1,0,-0.1,0,0,0,0,0,0,0,2,0.0,65,3,1,12,11,52.2,lundeis01,2020-2021,2021
Eetu Luostarinen,22,FLA,C,8,2,1,3,-1,2,0.2,2,0,0,1,1,0,0,9,22.2,120,9,8,50,48,51.0,luostee01,2020-2021,2021
Ilya Lyubushkin,26,ARI,D,1,0,0,0,-1,0,-0.1,0,0,0,0,0,0,0,1,0.0,14,1,3,0,0,,lyubuil01,2020-2021,2021
Olli Maatta,26,LAK,D,6,0,1,1,0,2,0.3,0,0,0,0,1,0,0,9,0.0,107,6,10,0,0,,maattol01,2020-2021,2021
Kurtis MacDermid,26,LAK,D,8,1,1,2,-6,14,0.0,1,0,0,0,1,0,0,8,12.5,110,12,10,0,0,,macdeku01,2020-2021,2021
Jacob MacDonald,27,COL,D,2,0,0,0,0,0,0.0,0,0,0,0,0,0,0,7,0.0,27,1,2,0,0,,macdoja02,2020-2021,2021
Zack MacEwen,24,VAN,C,10,1,0,1,2,12,0.1,1,0,0,0,0,0,0,14,7.1,81,2,21,2,1,66.7,macewza01,2020-2021,2021
Nathan MacKinnon,25,COL,C,10,2,12,14,6,2,1.6,0,2,0,0,8,4,0,41,4.9,203,4,7,50,56,47.2,mackina01,2020-2021,2021
Cale Makar,22,COL,D,11,1,11,12,9,2,2.5,1,0,0,0,5,6,0,24,4.2,264,7,12,0,0,,makarca01,2020-2021,2021
Evgeni Malkin,34,PIT,C,10,1,4,5,-3,0,0.2,0,1,0,0,4,0,0,20,5.0,192,5,5,53,51,51.0,malkiev01,2020-2021,2021
Mikhail Maltsev,22,NJD,LW,1,0,0,0,0,0,0.0,0,0,0,0,0,0,0,1,0.0,10,0,2,3,4,42.9,maltsmi01,2020-2021,2021
Andrew Mangiapane,24,CGY,LW,10,2,1,3,-1,6,0.3,2,0,0,0,0,1,0,14,14.3,154,6,8,1,5,16.7,mangian01,2020-2021,2021
Josh Manson,29,ANA,D,3,0,0,0,-2,2,-0.1,0,0,0,0,0,0,0,1,0.0,47,1,3,0,0,,mansojo01,2020-2021,2021
Anthony Mantha,26,DET,RW,12,4,3,7,-8,4,0.5,3,1,0,0,3,0,0,30,13.3,215,1,10,6,6,50.0,manthan01,2020-2021,2021
Brad Marchand,32,BOS,LW,11,7,8,15,6,2,2.1,4,2,1,0,2,5,1,32,21.9,219,2,8,3,2,60.0,marchbr03,2020-2021,2021
Jonathan Marchessault,30,VEG,C,8,2,5,7,4,8,0.8,2,0,0,1,5,0,0,18,11.1,131,2,10,2,4,33.3,audymjo01,2020-2021,2021
John Marino,23,PIT,D,10,0,1,1,-3,6,0.1,0,0,0,0,1,0,0,8,0.0,237,12,16,0,0,,marinjo01,2020-2021,2021
Patrick Marleau,41,SJS,C,9,0,1,1,-3,0,-0.2,0,0,0,0,1,0,0,4,0.0,109,1,6,18,19,48.6,marlepa01,2020-2021,2021
Mitch Marner,23,TOR,RW,11,6,11,17,3,8,1.9,6,0,0,2,5,6,0,26,23.1,254,6,4,2,0,100.0,marnemi01,2020-2021,2021
Pat Maroon,32,TBL,LW,9,1,0,1,1,17,0.0,1,0,0,0,0,0,0,8,12.5,100,3,12,2,4,33.3,maroopa01,2020-2021,2021
Matt Martin,31,NYI,LW,9,0,0,0,-1,4,-0.1,0,0,0,0,0,0,0,11,0.0,95,5,29,0,4,0.0,martima02,2020-2021,2021
Alec Martinez,33,VEG,D,8,0,5,5,7,4,1.1,0,0,0,0,5,0,0,9,0.0,183,29,10,0,0,,martial01,2020-2021,2021
Jordan Martinook,28,CAR,LW,5,0,1,1,-4,0,-0.1,0,0,0,0,1,0,0,4,0.0,57,0,8,18,15,54.5,martijo01,2020-2021,2021
Mike Matheson,26,PIT,D,2,0,0,0,-1,4,-0.1,0,0,0,0,0,0,0,2,0.0,32,2,0,0,0,,mathemi01,2020-2021,2021
Auston Matthews,23,TOR,C,10,8,4,12,1,0,1.6,5,3,0,3,4,0,0,46,17.4,218,9,15,99,82,54.7,matthau01,2020-2021,2021
Scott Mayfield,28,NYI,D,9,1,0,1,-4,2,0.3,1,0,0,0,0,0,0,15,6.7,169,12,10,0,0,,mayfisc01,2020-2021,2021
Gerald Mayhew,28,MIN,F,2,0,1,1,1,0,0.1,0,0,0,0,0,1,0,3,0.0,27,2,3,0,1,0.0,mayhege01,2020-2021,2021
Charlie McAvoy,23,BOS,D,11,1,9,10,4,10,2.0,1,0,0,0,5,3,1,19,5.3,268,18,13,0,0,,mcavoch01,2020-2021,2021
Jake McCabe,27,BUF,D,10,1,2,3,2,9,1.0,1,0,0,0,2,0,0,12,8.3,193,13,15,0,0,,mccabja01,2020-2021,2021
Jared McCann,24,PIT,C,10,2,3,5,2,2,0.6,1,1,0,0,3,0,0,17,11.8,127,3,9,7,12,36.8,mccanja01,2020-2021,2021
Max McCormick,28,CAR,LW,2,0,0,0,0,0,0.0,0,0,0,0,0,0,0,1,0.0,9,0,5,0,0,,mccorma01,2020-2021,2021
Connor McDavid,24,EDM,C,12,8,16,24,1,8,2.8,5,3,0,3,9,7,0,44,18.2,264,5,13,82,76,51.9,mcdavco01,2020-2021,2021
Ryan McDonagh,31,TBL,D,9,1,3,4,3,4,0.9,1,0,0,0,3,0,0,19,5.3,204,14,14,0,0,,mcdonry01,2020-2021,2021
Brock McGinn,26,CAR,LW,8,2,0,2,1,4,0.3,1,0,1,0,0,0,0,14,14.3,121,1,11,0,4,0.0,mcginbr01,2020-2021,2021
Michael McLeod,22,NJD,C,9,3,1,4,4,2,0.6,3,0,0,1,1,0,0,10,30.0,119,1,17,41,53,43.6,mcleomi01,2020-2021,2021
Connor McMichael,20,WSH,C,1,0,0,0,0,2,0.0,0,0,0,0,0,0,0,1,0.0,10,0,0,1,0,100.0,mcmicco01,2020-2021,2021
Brayden McNabb,30,VEG,D,7,0,0,0,-1,4,0.0,0,0,0,0,0,0,0,5,0.0,136,14,18,0,0,,mcnabbr01,2020-2021,2021
Timo Meier,24,SJS,RW,9,1,4,5,-4,0,0.3,1,0,0,0,1,3,0,26,3.8,134,2,13,2,1,66.7,meierti01,2020-2021,2021
Nicolas Meloche,23,SJS,D,1,0,0,0,1,0,0.1,0,0,0,0,0,0,0,0,,6,0,0,0,0,,melocni01,2020-2021,2021
Nicholas Merkley,23,NJD,RW,3,0,1,1,1,0,0.1,0,0,0,0,1,0,0,3,0.0,30,0,4,1,0,100.0,merklni01,2020-2021,2021
Jonathon Merrill,28,DET,D,6,0,2,2,2,2,0.6,0,0,0,0,2,0,0,3,0.0,121,10,5,0,0,,merrijo01,2020-2021,2021
Victor Mete,22,MTL,D,2,0,0,0,-2,2,-0.2,0,0,0,0,0,0,0,0,,32,4,1,0,0,,metevi01,2020-2021,2021
Jacob Middleton,25,SJS,D,1,0,0,0,-2,2,-0.1,0,0,0,0,0,0,0,1,0.0,9,1,2,0,0,,middlja01,2020-2021,2021
Ilya Mikheyev,26,TOR,F,11,0,2,2,-1,2,-0.1,0,0,0,0,2,0,0,18,0.0,167,6,8,1,0,100.0,mikheil01,2020-2021,2021
Niko Mikkola,24,STL,D,7,0,0,0,-1,2,-0.1,0,0,0,0,0,0,0,7,0.0,92,10,5,0,0,,mikkoni01,2020-2021,2021
Sonny Milano,24,ANA,LW,2,0,0,0,0,0,0.0,0,0,0,0,0,0,0,6,0.0,29,0,3,0,0,,milanso01,2020-2021,2021
Colin Miller,28,BUF,D,10,1,2,3,-7,4,0.2,0,1,0,0,1,1,0,13,7.7,172,7,18,0,0,,milleco02,2020-2021,2021
J.T. Miller,27,VAN,C,11,3,10,13,-5,8,1.1,2,1,0,1,4,6,0,19,15.8,212,4,32,32,30,51.6,millejt01,2020-2021,2021
K'Andre Miller,21,NYR,D,10,1,3,4,7,4,1.3,1,0,0,0,2,0,1,11,9.1,189,11,14,0,0,,milleka01,2020-2021,2021
Kevan Miller,33,BOS,D,11,0,1,1,-2,9,0.4,0,0,0,0,1,0,0,11,0.0,204,8,23,0,0,,milleke03,2020-2021,2021
Ian Mitchell,22,CHI,D,12,0,1,1,-4,2,0.0,0,0,0,0,1,0,0,10,0.0,168,13,5,0,0,,mitchia01,2020-2021,2021
Casey Mittelstadt,22,BUF,C,2,0,1,1,-1,0,0.0,0,0,0,0,0,1,0,0,,21,1,0,2,1,66.7,mitteca01,2020-2021,2021
Sean Monahan,26,CGY,C,10,2,6,8,0,2,0.8,1,1,0,1,4,2,0,23,8.7,189,4,4,73,76,49.0,monahse01,2020-2021,2021
Brandon Montour,26,BUF,D,10,0,2,2,-6,8,0.2,0,0,0,0,2,0,0,17,0.0,210,12,8,0,0,,montobr01,2020-2021,2021
Trevor Moore,25,LAK,LW,10,0,3,3,-3,4,0.0,0,0,0,0,3,0,0,13,0.0,121,2,6,2,2,50.0,mooretr01,2020-2021,2021
Samuel Morin,25,PHI,D,1,0,0,0,-1,0,-0.1,0,0,0,0,0,0,0,1,0.0,6,1,3,0,0,,morinsa01,2020-2021,2021
Josh Morrissey,25,WPG,D,11,0,4,4,-3,2,0.3,0,0,0,0,2,2,0,17,0.0,263,15,9,0,0,,morrijo04,2020-2021,2021
Tyler Motte,25,VAN,C,14,5,1,6,0,10,0.7,5,0,0,1,1,0,0,28,17.9,223,16,63,11,17,39.3,mottety01,2020-2021,2021
Connor Murphy,27,CHI,D,12,2,3,5,-1,0,1.0,2,0,0,1,2,0,1,21,9.5,275,28,22,0,0,,murphco02,2020-2021,2021
Ryan Murray,27,NJD,D,9,0,2,2,2,0,0.4,0,0,0,0,2,0,0,5,0.0,193,13,4,0,0,,murrary01,2020-2021,2021
Jake Muzzin,31,TOR,D,11,1,5,6,5,6,1.2,1,0,0,0,4,1,0,21,4.8,243,17,17,0,0,,muzzija01,2020-2021,2021
Philippe Myers,24,PHI,D,7,0,2,2,4,4,0.6,0,0,0,0,2,0,0,9,0.0,133,6,12,0,0,,myersph01,2020-2021,2021
Tyler Myers,30,VAN,D,14,1,5,6,0,29,0.8,0,0,1,0,5,0,0,24,4.2,310,26,15,0,0,,myersty01,2020-2021,2021
Vladislav Namestnikov,28,DET,C,12,2,1,3,-5,2,0.0,2,0,0,0,1,0,0,24,8.3,192,7,17,20,25,44.4,namesvl01,2020-2021,2021
Riley Nash,31,CBJ,C,11,0,1,1,1,0,-0.1,0,0,0,0,1,0,0,11,0.0,148,5,8,49,54,47.6,nashri02,2020-2021,2021
James Neal,33,EDM,LW,6,2,1,3,-2,0,0.3,1,1,0,0,1,0,0,17,11.8,75,0,8,1,2,33.3,nealja01,2020-2021,2021
Martin Necas,22,CAR,C,8,1,4,5,6,2,0.6,1,0,0,1,2,2,0,20,5.0,143,10,9,3,5,37.5,necasma01,2020-2021,2021
Brock Nelson,29,NYI,C,9,2,1,3,-5,6,0.1,0,2,0,1,1,0,0,15,13.3,160,6,4,53,54,49.5,nelsobr01,2020-2021,2021
Patrik Nemeth,28,DET,D,12,0,1,1,-6,4,0.1,0,0,0,0,1,0,0,15,0.0,242,14,19,0,0,,nemetpa01,2020-2021,2021
Nikita Nesterov,27,CGY,D,10,0,0,0,-1,4,0.2,0,0,0,0,0,0,0,5,0.0,158,3,9,0,0,,nesteni01,2020-2021,2021
Valeri Nichushkin,25,COL,RW,11,2,1,3,-1,0,0.3,1,0,1,2,1,0,0,10,20.0,143,7,20,0,0,,nichuva01,2020-2021,2021
Nino Niederreiter,28,CAR,RW,8,4,1,5,5,4,0.9,4,0,0,1,1,0,0,24,16.7,130,3,14,0,0,,niedeni01,2020-2021,2021
Frans Nielsen,36,DET,C,10,0,2,2,-1,0,0.0,0,0,0,0,2,0,0,10,0.0,122,4,6,4,4,50.0,nielsfr01,2020-2021,2021
Matthew Nieto,28,SJS,LW,9,3,1,4,-1,2,0.5,3,0,0,0,1,0,0,15,20.0,122,3,5,0,1,0.0,nietoma01,2020-2021,2021
Sami Niku,24,WPG,D,3,0,0,0,-2,6,-0.1,0,0,0,0,0,0,0,1,0.0,37,4,0,0,0,,nikusa01,2020-2021,2021
Stefan Noesen,27,SJS,RW,4,0,0,0,0,2,-0.1,0,0,0,0,0,0,0,3,0.0,38,0,4,1,3,25.0,noesest01,2020-2021,2021
Joakim Nordstrom,28,CGY,C,8,0,0,0,-5,0,-0.3,0,0,0,0,0,0,0,5,0.0,87,3,14,0,4,0.0,nordsjo02,2020-2021,2021
Joshua Norris,21,OTT,C,11,2,4,6,-4,2,0.3,0,2,0,0,2,2,0,22,9.1,175,3,15,53,58,47.7,norrijo01,2020-2021,2021
Tomas Nosek,28,VEG,C,8,1,0,1,-1,2,0.0,1,0,0,0,0,0,0,11,9.1,100,5,10,38,39,49.4,nosekto01,2020-2021,2021
Ryan Nugent-Hopkins,27,EDM,C,12,5,5,10,-1,0,1.0,2,3,0,0,2,3,0,40,12.5,267,4,7,6,8,42.9,nugenry01,2020-2021,2021
Darnell Nurse,25,EDM,D,12,3,6,9,6,12,1.8,3,0,0,0,3,3,0,29,10.3,289,12,28,0,0,,nurseda01,2020-2021,2021
Markus Nutivaara,26,FLA,D,4,0,3,3,-1,2,0.3,0,0,0,0,3,0,0,1,0.0,61,2,2,0,0,,nutivma01,2020-2021,2021
Joakim Nygard,28,EDM,F,4,0,0,0,0,2,-0.1,0,0,0,0,0,0,0,2,0.0,35,0,1,0,0,,nygarjo01,2020-2021,2021
William Nylander,24,TOR,C,11,4,8,12,1,6,1.3,3,1,0,0,4,4,0,22,18.2,179,4,4,3,3,50.0,nylanwi01,2020-2021,2021
Drew O'Connor,22,PIT,F,4,0,1,1,1,0,0.1,0,0,0,0,1,0,0,4,0.0,45,0,3,1,0,100.0,oconndr01,2020-2021,2021
Logan O'Connor,24,COL,RW,3,2,0,2,2,2,0.4,2,0,0,0,0,0,0,6,33.3,27,1,1,0,0,,oconnlo01,2020-2021,2021
Ryan O'Reilly,29,STL,C,11,3,6,9,4,6,0.8,3,0,0,1,4,2,0,29,10.3,225,7,6,148,98,60.2,oreilry01,2020-2021,2021
Jordan Oesterle,28,ARI,D,10,1,3,4,1,4,0.9,0,1,0,0,3,0,0,8,12.5,197,24,17,0,0,,oestejo01,2020-2021,2021
Kyle Okposo,32,BUF,RW,5,0,0,0,-1,0,-0.1,0,0,0,0,0,0,0,1,0.0,60,1,4,0,5,0.0,okposky01,2020-2021,2021
Jamie Oleksiak,28,DAL,D,8,2,0,2,0,2,0.6,2,0,0,1,0,0,0,7,28.6,147,13,17,0,0,,oleksja01,2020-2021,2021
Mathieu Olivier,23,NSH,F,8,1,1,2,-1,6,0.1,0,1,0,0,1,0,0,10,10.0,87,6,19,3,0,100.0,olivima01,2020-2021,2021
Victor Olofsson,25,BUF,RW,10,4,6,10,-6,0,1.0,1,3,0,0,1,5,0,30,13.3,179,3,0,0,0,,olofsvi01,2020-2021,2021
Dmitry Orlov,29,WSH,D,6,0,0,0,-3,2,-0.2,0,0,0,0,0,0,0,3,0.0,113,7,7,0,0,,orlovdm01,2020-2021,2021
T.J. Oshie,34,WSH,C,11,2,5,7,-5,10,0.3,0,2,0,0,4,1,0,16,12.5,205,6,24,36,38,48.6,oshietj01,2020-2021,2021
Alex Ovechkin,35,WSH,LW,7,3,5,8,-1,2,0.8,3,0,0,1,2,3,0,28,10.7,141,5,20,0,1,0.0,ovechal01,2020-2021,2021
Max Pacioretty,32,VEG,LW,8,6,4,10,8,4,1.6,5,1,0,1,3,1,0,39,15.4,140,3,11,1,4,20.0,pacioma01,2020-2021,2021
Jean-Gabriel Pageau,28,NYI,C,9,1,3,4,0,2,0.3,1,0,0,1,1,2,0,7,14.3,152,12,14,77,59,56.6,pageaje01,2020-2021,2021
Ondrej Palat,29,TBL,LW,9,4,2,6,2,4,0.8,2,2,0,0,2,0,0,15,26.7,153,5,12,0,0,,palaton01,2020-2021,2021
Kyle Palmieri,29,NJD,RW,8,0,3,3,1,4,0.0,0,0,0,0,1,2,0,21,0.0,149,6,13,1,4,20.0,palmiky01,2020-2021,2021
Artemi Panarin,29,NYR,LW,10,5,10,15,2,0,1.8,3,2,0,0,6,4,0,30,16.7,216,0,5,0,1,0.0,panarar01,2020-2021,2021
Richard Panik,29,WSH,RW,11,1,2,3,-4,6,0.0,0,1,0,0,2,0,0,20,5.0,146,6,26,0,3,0.0,panikri01,2020-2021,2021
Cedric Paquette,27,OTT,C,9,1,0,1,-8,4,-0.3,1,0,0,0,0,0,0,4,25.0,92,8,27,12,16,42.9,paquece01,2020-2021,2021
Colton Parayko,27,STL,D,11,1,6,7,2,10,0.8,1,0,0,0,6,0,0,23,4.3,253,23,18,0,0,,parayco01,2020-2021,2021
Zach Parise,36,MIN,LW,11,2,3,5,-3,4,0.3,2,0,0,1,1,2,0,31,6.5,198,7,2,26,34,43.3,parisza01,2020-2021,2021
David Pastrnak,24,BOS,RW,4,5,3,8,3,0,1.3,3,2,0,0,2,1,0,22,22.7,79,2,2,0,1,0.0,pastrda01,2020-2021,2021
Greg Pateryn,30,MIN,D,3,0,2,2,1,0,0.3,0,0,0,0,2,0,0,1,0.0,38,1,3,0,0,,patergr01,2020-2021,2021
Greg Pateryn,30,COL,D,3,0,0,0,-2,2,-0.1,0,0,0,0,0,0,0,3,0.0,46,7,3,0,0,,patergr01,2020-2021,2021
Nolan Patrick,22,PHI,C,12,2,3,5,-2,8,0.2,1,1,0,0,3,0,0,11,18.2,180,5,9,74,67,52.5,patrino01,2020-2021,2021
Nick Paul,25,OTT,LW,11,2,3,5,3,4,0.5,2,0,0,0,3,0,0,22,9.1,167,4,14,29,20,59.2,paulni01,2020-2021,2021
Joe Pavelski,36,DAL,C,8,7,8,15,7,6,2.2,2,5,0,2,4,4,0,23,30.4,160,5,11,69,66,51.1,paveljo01,2020-2021,2021
Tanner Pearson,28,VAN,LW,14,4,4,8,0,18,0.8,4,0,0,0,4,0,0,31,12.9,215,3,21,2,1,66.7,pearsta01,2020-2021,2021
Adam Pelech,26,NYI,D,9,0,2,2,0,4,0.6,0,0,0,0,2,0,0,18,0.0,184,21,4,0,0,,pelecad01,2020-2021,2021
Mathieu Perreault,33,WPG,C,11,1,4,5,5,2,0.5,1,0,0,0,4,0,0,10,10.0,132,3,9,2,4,33.3,perrema01,2020-2021,2021
David Perron,32,STL,LW,11,4,7,11,2,8,1.1,3,1,0,1,5,2,0,32,12.5,193,3,11,0,2,0.0,perroda01,2020-2021,2021
Corey Perry,35,MTL,RW,6,1,2,3,2,9,0.3,1,0,0,0,1,1,0,10,10.0,82,4,6,0,1,0.0,perryco01,2020-2021,2021
Brett Pesce,26,CAR,D,8,0,3,3,-1,2,0.5,0,0,0,0,3,0,0,15,0.0,174,9,0,0,0,,pescebr01,2020-2021,2021
Nic Petan,25,TOR,C,1,0,1,1,1,2,0.1,0,0,0,0,1,0,0,3,0.0,12,0,1,0,0,,petanni01,2020-2021,2021
Jeff Petry,33,MTL,D,11,5,8,13,13,2,2.8,4,1,0,1,3,4,1,28,17.9,241,14,17,0,0,,petryje01,2020-2021,2021
Elias Pettersson,22,VAN,C,14,4,5,9,-2,4,0.8,2,2,0,1,5,0,0,34,11.8,257,3,7,29,36,44.6,petteel01,2020-2021,2021
Marcus Pettersson,24,PIT,D,4,1,0,1,-2,0,0.1,1,0,0,0,0,0,0,3,33.3,69,5,10,0,0,,pettema01,2020-2021,2021
Alex Pietrangelo,31,VEG,D,7,1,3,4,2,0,0.7,1,0,0,0,2,1,0,20,5.0,179,18,7,0,0,,pietral01,2020-2021,2021
Brian Pinho,25,WSH,C,2,0,0,0,-2,0,-0.1,0,0,0,0,0,0,0,3,0.0,16,1,1,8,6,57.1,pinhobr01,2020-2021,2021
Neal Pionk,25,WPG,D,11,0,8,8,3,2,1.2,0,0,0,0,7,1,0,17,0.0,252,11,24,0,0,,pionkne01,2020-2021,2021
Brandon Pirri,29,CHI,C,1,0,0,0,-2,0,-0.1,0,0,0,0,0,0,0,2,0.0,11,0,0,0,1,0.0,pirribr01,2020-2021,2021
Tyler Pitlick,29,ARI,C,10,2,2,4,3,8,0.5,1,0,1,0,2,0,0,14,14.3,159,11,17,3,2,60.0,pitlity01,2020-2021,2021
Brayden Point,24,TBL,C,9,4,6,10,5,2,1.2,4,0,0,2,3,3,0,28,14.3,164,4,2,35,41,46.1,pointbr01,2020-2021,2021
Tucker Poolman,27,WPG,D,1,0,0,0,-1,0,-0.1,0,0,0,0,0,0,0,0,,19,2,0,0,0,,poolmtu01,2020-2021,2021
Nate Prosser,34,PHI,D,1,1,0,1,1,0,0.3,1,0,0,0,0,0,0,1,100.0,13,3,1,0,0,,prossna01,2020-2021,2021
Ivan Provorov,24,PHI,D,12,2,4,6,3,4,1.1,2,0,0,1,1,3,0,18,11.1,314,25,20,0,0,,provoiv01,2020-2021,2021
Jesse Puljujarvi,22,EDM,RW,12,2,2,4,-5,4,0.1,2,0,0,0,1,1,0,30,6.7,165,2,18,0,1,0.0,puljuje01,2020-2021,2021
Ryan Pulock,26,NYI,D,9,0,2,2,1,2,0.7,0,0,0,0,2,0,0,18,0.0,204,17,11,0,0,,pulocry01,2020-2021,2021
Mark Pysyk,29,DAL,D,8,0,0,0,1,8,0.2,0,0,0,0,0,0,0,5,0.0,98,3,9,0,0,,pysykma01,2020-2021,2021
Alexander Radulov,34,DAL,RW,8,3,8,11,8,6,1.5,2,1,0,0,3,5,0,13,23.1,143,3,4,1,1,50.0,radulal01,2020-2021,2021
Brogan Rafferty,25,VAN,D,1,0,1,1,-1,0,0.0,0,0,0,0,1,0,0,1,0.0,14,1,1,0,0,,raffebr01,2020-2021,2021
Michael Raffl,32,PHI,LW,12,2,1,3,-2,6,0.1,2,0,0,2,1,0,0,12,16.7,159,10,19,5,7,41.7,rafflmi01,2020-2021,2021
Rickard Rakell,27,ANA,RW,12,1,3,4,-6,2,0.0,1,0,0,1,3,0,0,37,2.7,216,5,15,0,4,0.0,rakelri01,2020-2021,2021
Mikko Rantanen,24,COL,RW,11,7,3,10,4,0,1.6,4,3,0,1,2,1,0,40,17.5,221,3,3,6,4,60.0,rantami01,2020-2021,2021
Victor Rask,27,MIN,C,11,3,0,3,0,0,0.4,3,0,0,0,0,0,0,7,42.9,116,3,5,24,42,36.4,raskvi01,2020-2021,2021
Michael Rasmussen,21,DET,C,8,0,2,2,-2,6,0.0,0,0,0,0,2,0,0,8,0.0,98,3,13,10,12,45.5,rasmumi01,2020-2021,2021
Kyle Rau,28,MIN,C,2,0,0,0,0,5,0.0,0,0,0,0,0,0,0,5,0.0,16,0,3,0,0,,rauky01,2020-2021,2021
Ryan Reaves,34,VEG,RW,8,0,1,1,-1,0,-0.1,0,0,0,0,1,0,0,2,0.0,80,7,35,1,6,14.3,reavery01,2020-2021,2021
Mike Reilly,27,OTT,D,10,0,4,4,-11,4,-0.2,0,0,0,0,2,2,0,19,0.0,175,8,5,0,0,,reillmi01,2020-2021,2021
Sam Reinhart,25,BUF,C,8,3,3,6,-7,0,0.4,1,2,0,1,2,1,0,19,15.8,165,2,2,3,3,50.0,reinhsa01,2020-2021,2021
Sheldon Rempal,25,CAR,RW,3,0,0,0,0,0,0.0,0,0,0,0,0,0,0,3,0.0,25,3,0,0,1,0.0,rempash01,2020-2021,2021
Brad Richardson,35,NSH,C,8,1,1,2,2,2,0.2,1,0,0,1,1,0,0,5,20.0,93,4,7,47,38,55.3,richabr02,2020-2021,2021
Tobias Rieder,28,BUF,C,10,3,0,3,-1,0,0.4,3,0,0,0,0,0,0,16,18.8,134,8,9,0,2,0.0,riedeto01,2020-2021,2021
Morgan Rielly,26,TOR,D,11,1,8,9,-2,4,1.0,1,0,0,1,4,4,0,22,4.5,261,7,13,0,0,,riellmo01,2020-2021,2021
Juuso Riikola,27,PIT,D,2,0,0,0,0,0,0.0,0,0,0,0,0,0,0,1,0.0,23,1,5,0,0,,riikoju01,2020-2021,2021
Rasmus Ristolainen,26,BUF,D,10,2,4,6,2,6,1.5,1,1,0,0,1,3,0,20,10.0,236,13,35,0,0,,ristora01,2020-2021,2021
Nick Ritchie,25,BOS,LW,11,4,5,9,-3,4,0.9,0,4,0,0,2,3,0,25,16.0,173,3,17,0,2,0.0,ritchni01,2020-2021,2021
Jason Robertson,21,DAL,LW,3,0,0,0,-1,0,-0.1,0,0,0,0,0,0,0,0,,31,1,1,0,0,,roberja01,2020-2021,2021
Nicholas Robertson,19,TOR,LW,1,0,0,0,0,0,0.0,0,0,0,0,0,0,0,1,0.0,2,0,0,0,0,,roberni01,2020-2021,2021
Eric Robinson,25,CBJ,LW,12,2,4,6,2,0,0.7,2,0,0,1,4,0,0,19,10.5,133,2,18,0,0,,robiner01,2020-2021,2021
Evan Rodrigues,27,PIT,C,6,1,0,1,-4,0,-0.1,1,0,0,0,0,0,0,12,8.3,95,2,3,6,4,60.0,rodriev01,2020-2021,2021
Alexander Romanov,21,MTL,D,10,1,1,2,3,6,0.4,1,0,0,0,0,1,0,22,4.5,189,13,24,0,0,,romanal01,2020-2021,2021
Kevin Rooney,27,NYR,C,8,2,1,3,4,7,0.5,1,0,1,0,1,0,0,9,22.2,76,5,10,15,28,34.9,rooneke01,2020-2021,2021
Jack Roslovic,24,CBJ,C,5,1,3,4,2,0,0.5,1,0,0,0,2,1,0,5,20.0,75,1,3,20,27,42.6,rosloja01,2020-2021,2021
Antoine Roussel,31,VAN,LW,13,1,2,3,4,27,0.3,1,0,0,0,1,0,1,8,12.5,154,6,26,0,1,0.0,roussan01,2020-2021,2021
Carter Rowney,31,ANA,RW,12,0,6,6,1,0,0.4,0,0,0,0,6,0,0,6,0.0,180,15,30,4,4,50.0,rowneca01,2020-2021,2021
Matt Roy,25,LAK,D,8,0,3,3,2,2,0.7,0,0,0,0,3,0,0,14,0.0,149,4,15,0,0,,royma04,2020-2021,2021
Nicolas Roy,23,VEG,C,8,0,1,1,2,4,0.0,0,0,0,0,1,0,0,7,0.0,108,6,7,28,21,57.1,royni01,2020-2021,2021
Chad Ruhwedel,30,PIT,D,9,0,1,1,1,12,0.3,0,0,0,0,1,0,0,9,0.0,137,7,22,0,0,,ruhwech01,2020-2021,2021
Kris Russell,33,EDM,D,7,0,1,1,-2,2,0.0,0,0,0,0,1,0,0,7,0.0,124,10,6,0,0,,russekr01,2020-2021,2021
Patrick Russell,28,EDM,RW,1,0,1,1,0,0,0.1,0,0,0,0,1,0,0,1,0.0,9,0,1,0,0,,russepa01,2020-2021,2021
Bryan Rust,28,PIT,RW,10,2,5,7,-2,0,0.5,2,0,0,0,3,2,0,31,6.5,196,5,10,2,1,66.7,rustbr01,2020-2021,2021
Jan Rutta,30,TBL,D,9,0,2,2,2,8,0.5,0,0,0,0,2,0,0,13,0.0,137,7,10,0,0,,ruttaja02,2020-2021,2021
Bobby Ryan,33,DET,LW,11,4,2,6,-5,17,0.6,4,0,0,0,1,1,0,22,18.2,181,6,8,2,5,28.6,ryanbo01,2020-2021,2021
Derek Ryan,34,CGY,C,10,0,1,1,1,4,0.0,0,0,0,0,1,0,0,3,0.0,100,6,1,34,24,58.6,ryande01,2020-2021,2021
Brandon Saad,28,COL,LW,11,5,3,8,-5,6,0.9,5,0,0,0,2,1,0,15,33.3,159,0,4,5,10,33.3,saadbr01,2020-2021,2021
Zach Sanford,26,STL,LW,11,1,1,2,-1,2,-0.2,1,0,0,1,1,0,0,19,5.3,171,11,13,1,1,50.0,sanfoza01,2020-2021,2021
Travis Sanheim,24,PHI,D,12,1,4,5,3,4,0.9,1,0,0,0,4,0,0,11,9.1,263,12,15,0,0,,sanhetr01,2020-2021,2021
David Savard,30,CBJ,D,12,0,2,2,-3,4,0.2,0,0,0,0,1,0,1,12,0.0,238,23,24,0,0,,savarda01,2020-2021,2021
Luca Sbisa,31,NSH,D,1,0,0,0,0,0,0.0,0,0,0,0,0,0,0,0,,12,2,3,0,0,,sbisalu01,2020-2021,2021
Marco Scandella,30,STL,D,9,0,0,0,4,10,0.2,0,0,0,0,0,0,0,7,0.0,170,6,9,0,0,,scandma01,2020-2021,2021
Colton Sceviour,31,PIT,C,8,2,0,2,-2,0,0.2,2,0,0,0,0,0,0,8,25.0,74,4,11,5,2,71.4,scevico01,2020-2021,2021
Mark Scheifele,27,WPG,C,11,5,9,14,-1,4,1.3,5,0,0,1,5,4,0,29,17.2,247,8,2,65,63,50.8,scheima01,2020-2021,2021
Brayden Schenn,29,STL,C,11,6,5,11,8,4,1.5,5,1,0,0,5,0,0,29,20.7,204,3,13,54,52,50.9,schenbr01,2020-2021,2021
Luke Schenn,31,TBL,D,7,0,1,1,-2,7,0.0,0,0,0,0,1,0,0,6,0.0,73,8,19,0,0,,schenlu01,2020-2021,2021
Nick Schmaltz,24,ARI,C,10,5,4,9,2,0,1.3,4,1,0,1,2,2,0,26,19.2,160,5,2,45,48,48.4,schmani01,2020-2021,2021
Nate Schmidt,29,VAN,D,14,1,2,3,3,0,0.7,1,0,0,0,2,0,0,22,4.5,299,22,6,0,0,,schmina01,2020-2021,2021
Justin Schultz,30,WSH,D,8,2,4,6,9,0,1.5,2,0,0,1,1,3,0,14,14.3,150,8,3,0,0,,schulju01,2020-2021,2021
Jaden Schwartz,28,STL,C,11,2,7,9,12,6,1.1,2,0,0,0,6,1,0,19,10.5,204,3,11,2,2,50.0,schwaja01,2020-2021,2021
Andrej Sekera,34,DAL,D,5,0,0,0,0,2,0.1,0,0,0,0,0,0,0,2,0.0,89,12,4,0,0,,sekeran01,2020-2021,2021
Mikhail Sergachev,22,TBL,D,9,0,5,5,7,8,1.2,0,0,0,0,4,1,0,14,0.0,196,10,13,0,0,,sergami01,2020-2021,2021
Damon Severson,26,NJD,D,9,1,3,4,2,8,0.7,1,0,0,0,3,0,0,23,4.3,214,13,10,0,0,,severda01,2020-2021,2021
Michael Sgarbossa,28,WSH,C,5,0,2,2,2,0,0.2,0,0,0,0,2,0,0,4,0.0,49,2,1,10,19,34.5,sgarbmi01,2020-2021,2021
Yegor Sharangovich,22,NJD,C,9,1,1,2,1,0,0.1,1,0,0,1,1,0,0,10,10.0,131,4,4,10,29,25.6,sharaye01,2020-2021,2021
Kevin Shattenkirk,32,ANA,D,12,0,1,1,-5,12,0.2,0,0,0,0,1,0,0,22,0.0,274,16,10,0,0,,shattke01,2020-2021,2021
Andrew Shaw,29,CHI,C,12,2,2,4,-4,6,0.2,0,2,0,0,0,2,0,23,8.7,181,4,20,23,22,51.1,shawan01,2020-2021,2021
Riley Sheahan,29,BUF,C,10,1,1,2,1,0,0.2,1,0,0,0,1,0,0,4,25.0,118,4,4,45,24,65.2,sheahri01,2020-2021,2021
Conor Sheary,28,WSH,LW,8,2,1,3,-2,4,0.3,2,0,0,0,1,0,0,5,40.0,87,3,5,1,2,33.3,shearco01,2020-2021,2021
Kiefer Sherwood,25,COL,RW,4,0,2,2,2,0,0.2,0,0,0,0,2,0,0,2,0.0,37,1,5,1,1,50.0,sherwki01,2020-2021,2021
Devin Shore,26,EDM,C,8,1,0,1,-1,2,0.0,0,0,1,0,0,0,0,4,25.0,69,3,12,25,26,49.0,shorede01,2020-2021,2021
Drew Shore,30,CAR,C,1,0,0,0,-1,2,-0.1,0,0,0,0,0,0,0,1,0.0,9,0,1,0,2,0.0,shoredr01,2020-2021,2021
Jonas Siegenthaler,23,WSH,D,6,0,0,0,-3,2,-0.2,0,0,0,0,0,0,0,3,0.0,93,10,6,0,0,,siegejo01,2020-2021,2021
Jakob Silfverberg,30,ANA,LW,12,3,2,5,-6,6,0.4,2,1,0,0,2,0,0,26,11.5,197,3,10,2,5,28.6,silfvja01,2020-2021,2021
Radim Simek,28,SJS,D,7,0,1,1,-2,0,0.1,0,0,0,0,1,0,0,4,0.0,89,8,12,0,0,,simekra01,2020-2021,2021
Wayne Simmonds,32,TOR,RW,11,3,0,3,-5,22,0.2,1,2,0,0,0,0,0,15,20.0,119,3,19,3,2,60.0,simmowa01,2020-2021,2021
Dominik Simon,26,CGY,C,6,0,0,0,1,0,0.0,0,0,0,0,0,0,0,2,0.0,62,2,6,2,5,28.6,simondo01,2020-2021,2021
Colton Sissons,27,NSH,C,11,2,0,2,2,4,0.2,2,0,0,0,0,0,0,10,20.0,157,9,15,49,52,48.5,sissoco01,2020-2021,2021
Jeff Skinner,28,BUF,LW,10,0,1,1,0,6,-0.1,0,0,0,0,1,0,0,24,0.0,139,4,2,1,2,33.3,skinnje01,2020-2021,2021
Brady Skjei,26,CAR,D,8,0,2,2,-1,8,0.4,0,0,0,0,1,0,1,13,0.0,167,9,10,0,0,,skjeibr01,2020-2021,2021
Jaccob Slavin,26,CAR,D,5,0,2,2,5,0,0.8,0,0,0,0,2,0,0,6,0.0,115,11,5,0,0,,slavija01,2020-2021,2021
Brendan Smith,31,NYR,D,6,0,1,1,1,4,0.3,0,0,0,0,1,0,0,5,0.0,76,1,13,0,0,,smithbr05,2020-2021,2021
Cole Smith,25,NSH,F,1,0,0,0,0,0,0.0,0,0,0,0,0,0,0,1,0.0,6,0,0,0,0,,smithco02,2020-2021,2021
Craig Smith,31,BOS,C,10,3,2,5,1,6,0.6,3,0,0,2,2,0,0,30,10.0,151,1,7,3,1,75.0,smithcr01,2020-2021,2021
Givani Smith,22,DET,RW,5,0,2,2,-1,2,0.1,0,0,0,0,2,0,0,3,0.0,50,2,8,0,0,,smithgi01,2020-2021,2021
Reilly Smith,29,VEG,RW,8,2,1,3,4,0,0.4,1,0,1,0,1,0,0,18,11.1,138,3,8,0,2,0.0,smithre01,2020-2021,2021
Ty Smith,20,NJD,D,9,2,6,8,4,8,1.3,1,1,0,0,5,1,0,15,13.3,152,6,8,0,0,,smithty01,2020-2021,2021
Carl Soderberg,35,CHI,C,7,0,1,1,2,4,0.0,0,0,0,0,1,0,0,6,0.0,97,6,12,31,34,47.7,soderca01,2020-2021,2021
Victor Soderstrom,19,ARI,D,2,0,0,0,1,0,0.1,0,0,0,0,0,0,0,1,0.0,27,0,2,0,0,,sodervi01,2020-2021,2021
Marcus Sorensen,28,SJS,RW,9,1,1,2,-1,4,0.1,1,0,0,0,1,0,0,12,8.3,107,5,4,2,1,66.7,sorenma01,2020-2021,2021
Carson Soucy,26,MIN,D,11,0,2,2,4,14,0.8,0,0,0,0,2,0,0,8,0.0,176,12,13,0,0,,soucyca01,2020-2021,2021
Jason Spezza,37,TOR,C,10,4,4,8,1,6,1.1,3,1,0,1,2,2,0,14,28.6,97,3,3,54,31,63.5,spezzja01,2020-2021,2021
Daniel Sprong,23,WSH,RW,9,2,1,3,-1,0,0.3,2,0,0,0,1,0,0,13,15.4,80,1,5,0,3,0.0,spronda01,2020-2021,2021
Jared Spurgeon,31,MIN,D,11,0,2,2,-4,0,0.2,0,0,0,0,2,0,0,19,0.0,244,18,11,0,0,,spurgja01,2020-2021,2021
Eric Staal,36,BUF,C,10,3,2,5,-4,4,0.5,2,1,0,0,1,1,0,18,16.7,150,4,2,57,46,55.3,staaler01,2020-2021,2021
Jordan Staal,32,CAR,C,6,1,5,6,3,2,0.7,0,1,0,0,3,1,1,8,12.5,101,8,19,72,51,58.5,staaljo01,2020-2021,2021
Marc Staal,34,DET,D,12,0,2,2,-7,6,0.1,0,0,0,0,2,0,0,12,0.0,216,6,12,0,0,,staalma01,2020-2021,2021
Steven Stamkos,30,TBL,C,9,4,6,10,4,4,1.2,1,3,0,1,5,1,0,28,14.3,169,3,7,49,31,61.3,stamkst01,2020-2021,2021
Logan Stanley,22,WPG,D,10,0,0,0,5,6,0.5,0,0,0,0,0,0,0,17,0.0,124,9,8,0,0,,stanllo01,2020-2021,2021
Paul Stastny,35,WPG,C,11,2,4,6,5,4,0.6,1,1,0,1,4,0,0,17,11.8,193,4,6,86,81,51.5,stastpa01,2020-2021,2021
Troy Stecher,26,DET,D,12,0,1,1,-5,2,0.1,0,0,0,0,1,0,0,12,0.0,223,16,6,0,0,,stechtr01,2020-2021,2021
Sam Steel,22,ANA,C,12,0,3,3,-1,6,0.1,0,0,0,0,3,0,0,10,0.0,180,6,11,69,54,56.1,steelsa01,2020-2021,2021
Kevin Stenlund,24,CBJ,C,2,1,1,2,2,0,0.3,1,0,0,0,1,0,0,3,33.3,26,0,0,4,6,40.0,stenlke01,2020-2021,2021
Derek Stepan,30,OTT,C,10,1,2,3,-7,6,-0.2,1,0,0,0,1,1,0,20,5.0,159,11,15,66,69,48.9,stepade01,2020-2021,2021
Mitchell Stephens,23,TBL,C,4,0,1,1,-2,0,0.0,0,0,0,0,1,0,0,2,0.0,34,1,4,17,9,65.4,stephmi01,2020-2021,2021
Chandler Stephenson,26,VEG,C,8,1,2,3,6,2,0.4,1,0,0,1,2,0,0,8,12.5,130,7,4,53,47,53.0,stephch02,2020-2021,2021
Riley Stillman,22,FLA,D,1,0,0,0,-1,2,-0.1,0,0,0,0,0,0,0,0,,17,2,5,0,0,,stillri01,2020-2021,2021
Mark Stone,28,VEG,RW,8,3,10,13,8,9,1.6,3,0,0,2,7,3,0,18,16.7,148,5,8,4,3,57.1,stonema01,2020-2021,2021
Anton Stralman,34,FLA,D,8,0,2,2,-1,2,0.3,0,0,0,0,2,0,0,8,0.0,171,8,5,0,0,,stralan01,2020-2021,2021
Austin Strand,23,LAK,D,1,0,0,0,1,2,0.1,0,0,0,0,0,0,0,0,,17,0,0,0,0,,stranau01,2020-2021,2021
Dylan Strome,23,CHI,C,12,4,3,7,-3,4,0.7,1,3,0,0,1,2,0,24,16.7,211,8,1,86,98,46.7,stromdy01,2020-2021,2021
Ryan Strome,27,NYR,C,10,4,2,6,4,2,0.9,4,0,0,1,1,0,1,23,17.4,195,2,10,53,78,40.5,stromry01,2020-2021,2021
Jack Studnicka,21,BOS,C,6,1,0,1,-2,0,0.0,1,0,0,0,0,0,0,6,16.7,81,1,4,1,3,25.0,studnja01,2020-2021,2021
Nico Sturm,25,MIN,C,9,0,0,0,-4,4,-0.3,0,0,0,0,0,0,0,14,0.0,86,5,8,12,13,48.0,sturmni01,2020-2021,2021
Tim Stützle,19,OTT,LW,8,4,2,6,-6,2,0.5,2,2,0,0,2,0,0,10,40.0,111,4,8,1,1,50.0,stuetti02,2020-2021,2021
P.K. Subban,31,NJD,D,9,0,3,3,-5,10,-0.1,0,0,0,0,2,1,0,27,0.0,216,11,14,0,0,,subbapk01,2020-2021,2021
Oskar Sundqvist,26,STL,C,11,2,1,3,-1,6,0.1,2,0,0,0,1,0,0,13,15.4,155,13,27,28,40,41.2,sundqos01,2020-2021,2021
Pius Suter,24,CHI,F,12,4,3,7,-5,0,0.7,3,1,0,1,2,1,0,24,16.7,175,6,3,41,60,40.6,suterpi01,2020-2021,2021
Ryan Suter,36,MIN,D,11,0,6,6,-3,2,0.7,0,0,0,0,5,1,0,22,0.0,250,10,4,0,0,,suterry01,2020-2021,2021
Brandon Sutter,31,VAN,C,14,4,0,4,-1,0,0.4,3,0,1,0,0,0,0,24,16.7,198,11,8,65,63,50.8,suttebr03,2020-2021,2021
Nick Suzuki,21,MTL,C,11,3,8,11,5,8,1.2,2,1,0,0,4,3,1,21,14.3,200,4,18,70,104,40.2,suzukni01,2020-2021,2021
Andrei Svechnikov,20,CAR,RW,8,6,3,9,3,6,1.4,4,2,0,0,2,1,0,28,21.4,142,1,16,0,1,0.0,svechan01,2020-2021,2021
Brandon Tanev,29,PIT,LW,10,3,1,4,-1,2,0.5,3,0,0,0,1,0,0,13,23.1,135,8,51,1,1,50.0,tanevbr01,2020-2021,2021
Chris Tanev,31,CGY,D,10,1,1,2,3,0,0.9,1,0,0,0,1,0,0,12,8.3,204,19,1,0,0,,tanevch01,2020-2021,2021
Tomas Tatar,30,MTL,LW,11,3,4,7,0,6,0.7,2,1,0,1,3,1,0,19,15.8,168,5,14,3,4,42.9,tatarto01,2020-2021,2021
John Tavares,30,TOR,C,11,5,6,11,3,6,1.3,1,4,0,1,4,2,0,32,15.6,199,3,15,99,65,60.4,tavarjo01,2020-2021,2021
Matt Tennyson,30,NJD,D,9,0,1,1,7,2,0.7,0,0,0,0,1,0,0,10,0.0,121,5,17,0,0,,tennyma01,2020-2021,2021
Teuvo Teravainen,26,CAR,F,5,0,2,2,-1,0,0.0,0,0,0,0,2,0,0,15,0.0,82,2,1,0,1,0.0,teravte01,2020-2021,2021
Troy Terry,23,ANA,C,10,1,1,2,-1,2,0.1,1,0,0,0,1,0,0,15,6.7,127,0,2,1,1,50.0,terrytr01,2020-2021,2021
Alexandre Texier,21,CBJ,C,12,4,3,7,-4,8,0.6,4,0,0,0,3,0,0,23,17.4,213,6,12,24,45,34.8,texieal01,2020-2021,2021
Shea Theodore,25,VEG,D,8,3,5,8,7,2,1.7,3,0,0,0,3,2,0,33,9.1,183,8,2,0,0,,theodsh01,2020-2021,2021
Robert Thomas,21,STL,C,11,0,5,5,2,4,0.2,0,0,0,0,5,0,0,4,0.0,155,5,2,39,55,41.5,thomaro01,2020-2021,2021
Nate Thompson,36,WPG,C,4,0,0,0,0,0,-0.1,0,0,0,0,0,0,0,1,0.0,30,0,4,7,10,41.2,thompna01,2020-2021,2021
Tage Thompson,23,BUF,C,5,0,1,1,-2,2,-0.1,0,0,0,0,1,0,0,8,0.0,71,3,5,1,1,50.0,thompta01,2020-2021,2021
Joe Thornton,41,TOR,C,5,1,1,2,-1,2,0.1,1,0,0,0,0,1,0,7,14.3,77,1,3,4,7,36.4,thornjo01,2020-2021,2021
Chris Tierney,26,OTT,C,11,3,2,5,-1,4,0.4,3,0,0,1,2,0,0,12,25.0,174,6,2,67,71,48.6,tiernch01,2020-2021,2021
Dmytro Timashov,24,NYI,LW,1,0,0,0,-2,0,-0.1,0,0,0,0,0,0,0,1,0.0,7,0,2,0,0,,timasdm01,2020-2021,2021
Conor Timmins,22,COL,D,8,0,0,0,-1,0,0.1,0,0,0,0,0,0,0,9,0.0,106,8,4,0,0,,timmico01,2020-2021,2021
Jarred Tinordi,28,NSH,D,3,0,0,0,1,2,0.1,0,0,0,0,0,0,0,4,0.0,43,5,3,0,0,,tinorja01,2020-2021,2021
Owen Tippett,21,FLA,RW,6,0,1,1,-3,4,-0.1,0,0,0,0,1,0,0,7,0.0,61,0,9,0,0,,tippeow01,2020-2021,2021
Brady Tkachuk,21,OTT,LW,11,3,4,7,-5,20,0.4,3,0,0,0,2,2,0,48,6.3,193,1,50,21,30,41.2,tkachbr01,2020-2021,2021
Matthew Tkachuk,23,CGY,LW,10,5,3,8,2,9,1.2,3,2,0,0,1,2,0,36,13.9,200,1,31,0,0,,tkachma01,2020-2021,2021
Devon Toews,26,COL,D,8,3,2,5,2,2,1.3,1,2,0,0,1,1,0,14,21.4,178,17,5,0,0,,toewsde01,2020-2021,2021
Tyler Toffoli,28,MTL,C,11,9,4,13,8,4,2.2,5,2,2,1,2,1,1,38,23.7,185,3,8,9,11,45.0,toffoty01,2020-2021,2021
Eeli Tolvanen,21,NSH,RW,3,1,0,1,-1,0,0.1,1,0,0,0,0,0,0,2,50.0,34,1,5,0,0,,tolvaee01,2020-2021,2021
Yakov Trenin,24,NSH,C,8,1,0,1,1,0,0.1,1,0,0,0,0,0,0,7,14.3,73,1,13,0,0,,treniya01,2020-2021,2021
Vincent Trocheck,27,CAR,C,8,5,2,7,3,2,1.1,3,2,0,1,1,1,0,29,17.2,149,7,15,80,63,55.9,trochvi01,2020-2021,2021
Jacob Trouba,26,NYR,D,10,0,2,2,2,6,0.6,0,0,0,0,2,0,0,17,0.0,226,24,37,0,0,,troubja01,2020-2021,2021
Alex Tuch,24,VEG,RW,8,3,3,6,0,8,0.6,2,1,0,0,3,0,0,14,21.4,127,5,4,3,4,42.9,tuchal01,2020-2021,2021
Kyle Turris,31,EDM,C,12,1,2,3,-9,6,-0.3,1,0,0,0,2,0,0,11,9.1,162,5,8,69,72,48.9,turriky01,2020-2021,2021
Juuso Valimaki,22,CGY,D,10,0,3,3,-2,4,0.4,0,0,0,0,3,0,0,14,0.0,165,17,4,0,0,,valimju01,2020-2021,2021
James van Riemsdyk,31,PHI,LW,12,6,10,16,3,4,1.9,1,5,0,0,9,1,0,28,21.4,186,5,8,2,0,100.0,vanrija01,2020-2021,2021
Trevor van Riemsdyk,29,WSH,D,6,1,0,1,-2,0,0.1,1,0,0,0,0,0,0,6,16.7,107,11,3,0,0,,vanritr01,2020-2021,2021
Frank Vatrano,26,FLA,LW,8,1,0,1,0,2,0.0,1,0,0,1,0,0,0,23,4.3,113,3,12,1,4,20.0,vatrafr01,2020-2021,2021
Carter Verhaeghe,25,FLA,C,8,6,3,9,6,4,1.5,6,0,0,2,3,0,0,15,40.0,143,2,7,5,3,62.5,verhaca01,2020-2021,2021
Kristian Vesalainen,21,WPG,W,4,0,0,0,0,0,-0.1,0,0,0,0,0,0,0,3,0.0,30,3,2,0,0,,vesalkr01,2020-2021,2021
Jimmy Vesey,27,TOR,LW,11,2,1,3,0,2,0.2,2,0,0,0,1,0,0,15,13.3,144,4,7,0,2,0.0,veseyji02,2020-2021,2021
Gabriel Vilardi,21,LAK,C,10,3,0,3,-3,2,0.3,2,1,0,0,0,0,0,9,33.3,145,3,4,66,82,44.6,vilarga01,2020-2021,2021
Jake Virtanen,24,VAN,RW,11,1,0,1,0,6,-0.1,1,0,0,0,0,0,0,17,5.9,134,1,25,2,0,100.0,virtaja01,2020-2021,2021
Marc-Edouard Vlasic,33,SJS,D,9,0,0,0,-5,2,-0.1,0,0,0,0,0,0,0,8,0.0,196,16,5,0,0,,vlasima01,2020-2021,2021
Alexander Volkov,23,TBL,RW,4,0,1,1,-1,0,0.0,0,0,0,0,1,0,0,1,0.0,37,1,4,0,0,,volkoal01,2020-2021,2021
Jakub Voracek,31,PHI,RW,12,3,8,11,2,6,1.0,3,0,0,0,5,3,0,18,16.7,197,6,5,2,2,50.0,voracja01,2020-2021,2021
Jakub Vrana,24,WSH,LW,11,3,5,8,3,4,0.9,3,0,0,1,3,2,0,21,14.3,173,1,10,1,0,100.0,vranaja01,2020-2021,2021
Austin Wagner,23,LAK,LW,6,1,1,2,-5,4,0.0,1,0,0,0,1,0,0,15,6.7,63,0,11,0,0,,wagneau01,2020-2021,2021
Chris Wagner,29,BOS,C,11,1,1,2,-1,6,0.1,1,0,0,0,1,0,0,19,5.3,137,5,18,23,14,62.2,wagnech01,2020-2021,2021
Oliver Wahlstrom,20,NYI,RW,2,1,0,1,1,2,0.2,1,0,0,0,0,0,0,2,50.0,21,0,4,0,0,,wahlsol01,2020-2021,2021
Sean Walker,26,LAK,D,7,0,2,2,-2,2,0.2,0,0,0,0,1,1,0,7,0.0,114,13,3,0,0,,walkese01,2020-2021,2021
Lucas Wallmark,25,CHI,C,5,0,3,3,0,2,0.2,0,0,0,0,0,2,1,3,0.0,78,0,8,27,37,42.2,wallmlu01,2020-2021,2021
Austin Watson,29,OTT,LW,11,3,2,5,-3,18,0.4,3,0,0,0,2,0,0,15,20.0,125,11,32,3,12,20.0,watsoau01,2020-2021,2021
Shea Weber,35,MTL,D,11,2,5,7,3,8,1.0,0,2,0,1,1,4,0,19,10.5,260,12,13,0,0,,webersh01,2020-2021,2021
Yannick Weber,32,PIT,D,2,0,0,0,-3,0,-0.2,0,0,0,0,0,0,0,1,0.0,23,0,4,0,0,,weberya01,2020-2021,2021
MacKenzie Weegar,27,FLA,D,8,0,3,3,1,2,0.5,0,0,0,0,3,0,0,17,0.0,185,8,13,0,0,,weegama01,2020-2021,2021
Andy Welinski,27,ANA,D,3,0,0,0,1,0,0.1,0,0,0,0,0,0,0,2,0.0,35,3,0,0,0,,welinan01,2020-2021,2021
Alexander Wennberg,26,FLA,C,8,0,2,2,0,0,-0.1,0,0,0,0,2,0,0,11,0.0,136,3,4,45,52,46.4,wennbal01,2020-2021,2021
Zach Werenski,23,CBJ,D,12,1,3,4,-8,9,0.2,1,0,0,0,1,2,0,29,3.4,290,11,10,0,0,,werenza01,2020-2021,2021
Blake Wheeler,34,WPG,RW,11,3,8,11,-9,14,0.6,2,1,0,0,3,5,0,23,13.0,212,5,12,1,2,33.3,wheelbl01,2020-2021,2021
Colin White,24,OTT,C,7,1,2,3,-4,4,0.1,1,0,0,0,1,1,0,14,7.1,100,5,11,29,39,42.6,whiteco02,2020-2021,2021
Zach Whitecloud,24,VEG,D,8,0,1,1,3,2,0.4,0,0,0,0,1,0,0,12,0.0,155,8,11,0,0,,whiteza01,2020-2021,2021
Tom Wilson,26,WSH,RW,9,4,4,8,1,9,1.0,3,1,0,1,3,1,0,15,26.7,162,4,39,5,5,50.0,wilsoto01,2020-2021,2021
Christian Wolanin,25,OTT,D,4,0,0,0,-3,2,-0.2,0,0,0,0,0,0,0,4,0.0,58,1,1,0,0,,wolanch01,2020-2021,2021
Miles Wood,25,NJD,LW,9,5,3,8,7,11,1.3,4,1,0,1,3,0,0,24,20.8,128,1,2,0,0,,woodmi01,2020-2021,2021
Kailer Yamamoto,22,EDM,RW,12,4,4,8,7,12,1.1,4,0,0,0,3,0,1,19,21.1,195,19,15,0,1,0.0,yamamka01,2020-2021,2021
Keith Yandle,34,FLA,D,8,2,5,7,2,12,1.2,1,1,0,0,0,5,0,18,11.1,137,7,4,0,0,,yandlke01,2020-2021,2021
Pavel Zacha,23,NJD,C,9,2,2,4,-1,2,0.2,2,0,0,0,1,1,0,19,10.5,151,2,5,60,69,46.5,zachapa01,2020-2021,2021
Filip Zadina,21,DET,RW,5,0,3,3,2,0,0.3,0,0,0,0,3,0,0,5,0.0,74,3,3,0,0,,zadinfi01,2020-2021,2021
Nikita Zadorov,25,CHI,D,12,0,1,1,0,2,0.4,0,0,0,0,1,0,0,12,0.0,226,17,51,0,0,,zadorni01,2020-2021,2021
Nikita Zaitsev,29,OTT,D,11,0,5,5,-1,2,0.7,0,0,0,0,5,0,0,13,0.0,234,19,20,0,0,,zaitsni01,2020-2021,2021
Travis Zajac,35,NJD,C,7,2,0,2,-1,2,0.1,2,0,0,0,0,0,0,10,20.0,118,2,8,46,64,41.8,zajactr01,2020-2021,2021
Jakub Zboril,23,BOS,D,11,0,2,2,0,4,0.6,0,0,0,0,1,1,0,9,0.0,200,8,18,0,0,,zborija01,2020-2021,2021
Mika Zibanejad,27,NYR,C,10,1,2,3,-4,8,-0.1,0,1,0,0,2,0,0,32,3.1,204,3,16,90,113,44.3,zibanmi01,2020-2021,2021
Artem Zub,25,OTT,D,3,0,2,2,0,4,0.2,0,0,0,0,2,0,0,1,0.0,44,0,3,0,0,,zubar01,2020-2021,2021
Jason Zucker,29,PIT,LW,10,3,2,5,-1,4,0.5,3,0,0,0,2,0,0,19,15.8,169,3,27,1,1,50.0,zuckeja01,2020-2021,2021
